house_id,predicted_price
2591820310,393600.5
7974200820,894780.4840014757
7701450110,1119208.61374091
9522300010,1929586.305327542
9510861140,686581.738768308
1761300310,248920.4064186809
7732410120,807232.4464709723
7010701383,647521.9386144015
291310170,401533.0190637911
4232901990,544800.7014903388
6840701125,653573.4422313663
3971700580,391681.501748402
4202400078,241092.40403276525
6064800090,323308.74
2626119028,260996.05297553248
3303980660,1069217.7064698115
862000020,877720.6966583021
2386000070,947033.1657269716
1138000450,381397.23811828793
1775800420,426073.53506839887
2291401425,447735.8461381866
2025770560,1004997.9143457902
3525069037,715524.529709475
9324800450,573464.5601909767
8080400136,574174.99
8651540040,515615.0828719637
9407001790,254285.64833986617
1773101530,219534.65209095355
9432900250,321932.421849342
1794500695,575992.1720908924
2220069003,337148.81006072887
923000120,479216.60496777756
5728000060,526102.0908284576
16000200,210905.49751266983
1926059094,433560.16
6672900220,1005932.3845380341
3629860060,804603.8483381409
1822069109,420197.7409935655
6675500105,382101.66698309797
249000180,1835396.0686716465
226059065,513678.4093325177
396100110,259891.34730602632
9264450460,1316226.0719802207
7853361210,412751.34888616664
9474700020,323354.21041656716
421000455,252496.44908887602
3755200220,429869.00144959224
7960100075,497588.9467352325
9477100490,417850.8468839103
9138100350,781646.975694856
1624049275,510908.4764473696
2770606890,535903.0860363663
1157200189,417602.24675064854
2770601800,514469.2720727326
9301300805,556755.0966266751
2325069032,1245033.888045617
1021079099,374722.45795534155
7215730040,705931.76
1853200080,474118.56114792655
3224600340,689299.6995857268
3222049120,468287.1544377905
2113700025,314881.58983194805
7893207925,226098.5
3586501085,668963.5047086594
8024200010,425150.14
7116500705,172310.2592542866
1598600209,346976.99375147343
7204200025,1011620.8657776782
4206901505,565959.1610710003
2937300440,933373.51
7205000180,337039.5613016853
8718500665,390215.73117759364
5318101765,838727.7228899603
4122700020,1011147.3691040938
8078700020,494192.23436228576
3303980680,954272.28
8924100372,1190626.21
2781270210,207520.0
519000043,575823.99
3225069301,1337857.8738807524
151000075,1759663.4744601874
2297400020,445122.88474892115
6617500085,655414.6735800751
104510180,235344.72018561966
3528900060,941228.2786276214
3345100286,617900.9224346853
1226039130,428615.9173297244
8712100720,708627.917101132
3037200010,435022.2498749963
3626039268,506655.3113172595
104510230,241193.86628792607
5112800060,439572.7841048354
6072400280,625654.3025068059
5317100570,1100025.7241321045
9528102993,581970.0449158485
2919201095,480823.1446857056
6181400920,263763.0
185000161,256746.150008603
8691400010,733106.630543843
3345700165,584394.580849784
6151800486,239782.75389172323
4340000080,1276252.9137974635
4136960010,497564.86
3634100030,309297.1839285451
1624059224,1054452.0657321105
2788400090,256407.1845467814
9828200762,447071.3906150479
7524400250,482726.78237211314
3528000290,707617.0124776418
5700003630,2038000.1989124822
2720069019,305870.63791708334
7227501170,238156.39373059676
2397101270,603814.1302209791
6792100090,755555.4922820296
2770602265,557502.9391747654
3971700937,303579.8022379788
422049203,228124.4539766683
3076500830,326146.82312974567
1423400260,297214.3960990184
9161100795,446933.7755891795
3126049052,503134.80086661666
5100401468,438506.42369903653
514500235,425801.28345844423
1423200170,196483.30777639386
1402100070,421916.4411397789
624110020,782981.4810322346
2407000145,216092.2964918491
1890000225,865181.5448880377
1320069271,314561.90397184045
5490700085,386908.4573298695
263000155,486999.0
3726800201,475043.1430644967
5153200358,314589.33615657245
2725079018,844669.902547558
7165700200,276683.879831948
9429000170,593958.4518156451
8718500075,358370.8873444283
1760650950,312755.20218231075
1068000559,1240145.4493375616
4113800500,661717.3087545471
4077800507,505975.2987537161
2725069150,705890.3883315846
4008400035,710186.2325807989
7016310270,414981.5
1432701230,214754.2291296152
3278606050,357901.0
2473350710,377149.3
2185000685,190907.71808554445
7792000025,448405.6155642015
6868200029,562751.07
624069003,773414.0599635168
7431500280,921186.6026293423
3296000040,559594.4832893015
1118001215,1746062.5895562612
6453900040,707186.0189581502
333100209,715494.6206619248
34001765,628811.178872457
8946700100,380718.33490985277
5561401210,598753.7828251874
6671900095,354303.23
3275850020,728248.454969354
3876300600,434114.43847460015
1450900020,260546.8365986674
8562780280,332792.79162640055
7663700973,329938.05761254334
2126049032,363143.15050265373
1823059159,208517.25
3438503426,269814.93086912046
9297301495,594744.9737497853
7140700850,378048.6639957913
7942601805,842472.9483702749
2555900030,373897.8762295536
2887970040,269683.0364186809
7419700010,686876.8344448298
2239000011,399125.1072815007
9283800050,377687.97551870474
9407001340,247338.40674169615
217500140,590199.2520342455
7212660520,244810.58356561454
3298201170,364431.0288084449
3057000400,273013.38119978784
6865200444,467207.28876331716
6071600340,552986.6322492823
6821600005,690487.4340937298
1235100371,961018.2793318928
7796450340,366528.55961852183
3603000410,158612.75
9297300255,521770.7673628186
9126100850,600205.8191354993
2770601462,519116.71755972574
2599001500,213346.4392761196
1102000095,757071.7048452699
1853080640,911853.7
9551201585,863735.0162705565
3438500796,329356.49
7518504291,527098.7969018959
9269200340,412508.850230982
715010130,1592999.3392381181
1982201485,657868.145356946
9526500080,395690.96231671126
9277200180,467858.12865506695
6669150280,300627.21273252706
8917100153,642813.4147783126
3760500516,1324258.1894937765
2725069050,912807.1141798081
3332000091,360433.2828459532
8562770080,601445.88
8151601190,315687.2833333334
8563040160,631718.1165860473
240000269,629803.1575928782
4307350200,323300.82
1311910300,275096.99
3574900030,494391.62687669834
7853230570,442402.4547643052
320069049,372237.81225122215
9839301060,705430.91
7011201333,544714.0996610357
2781320100,282006.6751342645
3421069120,461328.1511562733
7852030320,490156.70020915166
5316101075,2541215.0572047886
5309100750,521069.88613352773
629000730,713768.64
511700170,292965.51
1562100030,542643.3244341371
2489200230,521648.86626867263
524069116,532978.5272212845
5315100737,1057833.1627170632
1868900675,849077.8923541865
1608000120,357346.0268243851
705700240,354116.7973114447
7575600610,263588.9338513747
1778500015,705778.6316270968
5423500240,204973.5
6713700025,336918.92819446797
2734100734,284385.02259414765
301402280,223944.14054116144
2113700205,297320.8192844763
4114601570,2380831.5886872434
3332000615,383831.3245245315
3630050180,358717.71665104176
6852700520,544108.589699734
6870310010,661908.6965062418
6163900981,314554.3660585361
393000142,373952.88293184765
1771100130,323467.9617988592
1442860160,402865.1599715604
9191200435,542914.2766509285
6788200800,1013243.53
1115300070,672636.7808676559
3176600105,723745.6548880377
2770604665,581618.9015070337
5469500580,409384.7884250913
5680000545,559333.10802676
3424089119,640095.7166091988
1328300180,331803.5
1773100922,320962.39
4123830480,326066.302564636
9808610190,958311.0687749216
4250200140,282418.60789160826
4217402115,2727008.8085126067
3831250350,365820.72307202016
2397101055,744977.7485190534
6817850110,837041.7333333334
7526800200,648118.8
7853370100,604818.42
2523089025,887543.8565029241
9476200680,246360.4570326972
5714200140,427019.1796148706
3575304895,555266.9678569704
263000018,410103.24613818666
8080400177,570306.1371234747
6450304130,333257.9277377025
514500090,598881.1973803057
9477000300,438204.43856466276
853600310,1585504.6
1951600240,195077.34
1099900120,343576.9061633748
5323100120,592519.0686467175
1223089016,449559.4072284131
522059172,246709.2158818566
1930300190,675104.9066844189
9542840410,307683.1599707776
8665050530,506407.29007970594
5592900205,368213.9237894547
5450300010,610545.944838126
2459960030,325244.65
3331500455,499408.3027551103
3432500705,391616.71669383213
3702900165,351925.0
5249803550,490010.3109436052
626049058,433149.3314510462
1788900380,194337.48320123096
8075400360,223258.95950128866
9113200250,723829.5181877699
2738640040,726684.15
7821200307,469144.92962968943
3530440140,229646.0
3582700130,431231.3179605757
9276200569,792973.4411803411
7197800020,587114.4748063924
686200490,539847.9462733334
3501600100,380055.8567019622
6383000690,618401.8671011319
7604400150,379774.5182222928
5249801411,727768.0972163274
2607720420,451771.8254478994
9561100010,413919.7
1796370590,257234.77440133676
4077800593,389716.6141084856
854000165,257920.30333695243
5536100010,829483.9111343297
4188000670,821296.2945436687
31000165,1143898.0362325308
662350050,858476.6475454721
4137000280,269151.5167561606
6169901130,926164.1781738681
1953400510,241236.7947197309
7518506716,992297.6829409787
1552520010,365453.7969942534
7955080270,311842.89773555973
9212900100,556090.497307138
3438500798,329566.49
7899800890,216516.96251092773
4319200605,433115.0600807758
1329300480,372595.92
8935100100,790541.49
5016001260,413380.9120442195
4337600280,275266.2467914384
1446401220,195636.57233358725
7135521530,605749.598361882
6888900115,302308.77416619216
2413301070,296982.4572824646
345700040,303582.19
5566100145,447635.8
7634800070,393249.4033269775
9346910500,677818.1965200716
3529300060,312766.61320482974
8128600060,1396362.5
8572900275,209054.25920621268
4139420590,1399276.1575163
9274200322,573995.0
1472700200,570640.7830660497
8820903380,486810.80834691605
8563010130,821719.4552268966
8965450110,893057.6239623897
9274204230,542789.0663527541
8165501700,335444.68334732903
2193340260,530842.1573888303
1860600290,995900.35
1222000055,233719.09112525036
2492200280,484101.85051851143
2488200455,391584.6
809001520,1372482.8605815524
1796361140,242637.5998493944
6398000011,678786.344854227
6813600365,592913.4774846638
7504100920,791940.7541283688
8835770330,626857.3998654507
524059322,901147.79
4307330280,374849.9951637601
1245002952,1112334.3324922123
2021069059,260787.09069819684
5700000595,686272.5255656339
3629970930,740856.6265772411
3336002215,256049.5
5100401060,687399.6962624851
3278600750,271433.33303082996
1126069045,1563965.4776943093
7568700175,326068.42115872115
452001475,476482.32157413184
9283800230,484735.97
1737300130,548677.7
6189600040,523142.07
3679400025,535665.9354122838
1096100010,313180.4609468941
9513900050,252954.10769610608
5452800645,848621.6486713754
273800100,245637.75240641937
7228500037,443216.0716954925
808300090,515977.2769414365
2493200215,592391.1414438114
5035300255,732299.0168998938
3380900160,397269.3078924787
3630000130,429798.2172387224
7300400670,296691.7999088691
6798100070,370556.8
8078400010,557085.1261891943
5566100060,487343.0972114073
2768200212,517171.0
4035900060,597280.1834384761
9460000110,359697.58818615484
7199320190,602135.0851758712
2225039081,517418.3971333945
9512200050,571160.5950058012
2634500085,331773.28745956114
3654800200,261919.06073373984
2724079090,1162960.603514081
2597520720,841212.5840027652
3034200426,401572.22968472523
984000130,305819.67685417476
7852020670,403154.57591740816
7923500060,713961.346394426
2310030510,261854.6089203908
2205500540,485994.84369113424
2493200015,457379.8245643555
7853361420,589044.03
5652600605,635236.3188633444
5285200020,305793.5230331106
9406530150,372514.1271273391
5706300020,486648.9779033016
3278602490,404494.0299904166
7197000100,531440.4835122966
4447300008,632008.3158235485
7899800045,239572.8996205802
9250900095,342685.6770486265
9268851740,661148.0223274907
8682261440,507207.5861381867
7284900385,665716.5981884244
8079040300,423659.97597391205
2225300585,411502.3706977816
3223039013,460107.337368685
2013801350,262233.9671907021
4055701110,812097.466511687
3578401770,414611.80479095556
4046500720,549736.9172814792
6145601745,349404.9262193375
5207200195,675019.0375237665
1972201856,560414.1907178444
7212680080,262307.379629256
7277100510,558552.5420651387
522079022,541574.2192325852
5605000440,935885.603502801
6632300230,376078.47390029154
8815400165,660347.9518364521
6708200320,627481.9476055354
2426059076,544355.8256135877
3260200200,577395.7279012
2770601741,508813.2524847988
4338800500,243080.1
9201000320,750377.1706964973
7655900038,329218.47
3625059140,544812.902726687
4222310010,178384.0
2114700115,356240.4625529486
3291800710,353103.6
9406590010,372066.0454221305
3025059124,1783282.1660732874
7972601250,389803.3055796516
930000470,778357.5461812366
6690500060,525569.4894942684
16000015,190294.00041629875
5693501102,573127.170220979
8079040490,447384.5635591267
7225000155,366601.7659745492
8819900170,719095.588905204
7972601270,330118.51480739267
1224069074,839029.1576710019
5126900321,370719.6358369161
3438501860,259258.48558804777
2822069080,429052.8362967868
1656600310,533746.07859895
3856900507,1122143.51
1626069139,503262.18413752684
2524049257,1461460.9642684024
3904960150,565108.26
7214820610,455256.60181794246
7977201845,615344.496391811
2428100080,863905.8763446814
2202500135,430016.07872585976
1523550220,712326.2404188198
2313900610,480116.02416390815
4123840050,390147.5598064503
2125059124,959150.1854317854
1225039067,489813.75
6431500283,456529.42716344015
2473380010,308009.9956833219
5694501195,404864.92484887614
2881700046,376184.71403038397
6837820330,329789.64874855685
2337300370,186177.9146737513
3876540630,229651.08727962108
626059317,339721.51204352325
3374500520,366274.12752953067
7228501903,400788.5
4019300051,457202.4641302775
4232902615,627090.3136470029
3546000090,261745.3748180259
8127700215,763625.1145272483
3438501100,314726.53010920255
1769600066,724701.2183286074
8146100610,736787.0
3052700695,648373.032525898
7954310210,599458.4490372089
3761700053,1871735.5
1320069179,340975.4276637345
1331900410,821792.7037736428
7303100210,349841.7396220608
2464400285,551331.0385791525
6163901150,387075.1418350568
8955800045,333504.44196442293
2314300200,403683.57642156375
9528104360,398276.09204911767
4177100005,630128.7288414752
8856960260,328546.0407177588
1828001220,632383.517326662
3066400710,657890.9930084859
624110610,949528.5186328519
4040800260,416718.0788084449
5019500215,507346.9127721866
2481630180,953816.5275340208
7203170190,720156.7535093756
510001280,888261.4161954417
9430110120,686885.0240651012
1565950030,344041.7085837578
9828202255,758606.0200583051
3878900270,408744.6401682533
8091600080,210628.1420153297
1112000035,350586.35631986527
2228900270,305389.0705607088
6648701740,292914.28
1245003740,653634.7470895322
2174503441,546312.6306205647
7708250010,311483.1250144178
6072300110,581266.2405829898
2329800140,260016.48737467622
1494300040,532834.7874585759
3832050130,279896.0248110304
7203100730,937934.5146524779
7199330170,514998.47548064287
7785000220,724206.3564687561
1250201175,387317.7049513746
4054500180,1028954.2551317723
7905200061,428117.39620698825
3751604895,213711.01440521984
5220300140,286468.0469812846
3323059027,340143.0
8651611980,926403.4323716158
8673400190,552501.5
1668500100,837577.4611858061
1023059365,555442.1
3308030060,334410.1407118399
4232400860,1066734.5470056022
2144800615,240005.2154653392
1568100920,1600743.0
9406510040,488944.2298941231
2923049421,338247.0
1051000040,1531483.2603663218
2077700042,731124.3368179962
9423800030,286496.76999999996
9818700455,660599.9894437366
7133300675,324591.12079968175
4113800550,639910.8788234651
5553300375,1455158.3898185738
2025701530,279190.93673296616
7942601155,475294.4025566388
7524300020,271170.2090048011
2520069100,307356.1393854544
5412300410,234706.62102726896
7504110760,702298.6251214865
2594200350,378617.46217303904
2722059013,270216.08161894866
8078430480,550311.822278651
1423069162,518266.6386281448
8856001090,179555.5111171732
7000100631,870091.847793679
4222200280,239465.94450990626
7971300050,661527.4229799565
2009001600,227247.50228088093
6619910140,635846.9847249467
2877100985,558951.2899661291
1196000007,403649.81392336055
1330850130,715687.2594287879
6664900410,266059.51145722275
1231001110,344868.48
9235900030,280063.88595264574
9407101840,309929.828207574
9523103001,462944.91363386536
2149800278,459756.01009670424
7234601198,619885.8732413627
9476700035,353188.8043213079
9297301065,480562.8232671411
518500700,741126.8621480371
7843500090,324568.7889661369
6056110780,275629.95799029624
2345700260,363971.7204759026
3509600070,235051.71188930108
1431700280,343381.4384469768
1623049174,282460.91333695245
3024089049,373543.9182523178
7853340450,398730.3218668332
7732410360,771779.8765698608
1446800995,298598.5084392305
2946000285,228625.64596654143
425079100,491084.9375246146
3876313040,451997.3332689623
1762600260,998254.2498605434
1925069121,904627.930146889
7443000480,931065.6443645321
7820000015,340304.0562899044
4027701253,475339.39358411886
2826049165,396540.41
5426300060,866066.1041802895
1278000210,158332.08657251237
923000270,342738.9
7657600005,251338.81702468198
3024079057,425738.3559345997
3276180020,314773.0
7304300760,301670.1149298271
3908100020,518938.91018340737
8835400805,850151.1486713754
4051150070,219133.18716897935
3904930530,462090.860979946
6163900971,346147.6964463184
7942600310,478900.81417108106
4365700330,254219.81263695986
423059207,308402.53246855666
3992700265,341433.89
7177300090,509956.1088729826
2540820010,609137.994034942
5700002510,902442.0719415853
5201000030,543894.9918616059
7631800015,2249883.3638830585
2922702965,648061.8162313664
1525059198,915143.5131623824
1245003160,723813.630644378
3810000455,310794.52023072296
7855600080,643148.2980668027
5701500030,1285550.7478909953
7504020400,618785.3378667091
1402600570,319789.11207396066
7575610760,266898.8886694006
8731990370,368896.89509622345
5021900090,816178.3629409132
290000075,442643.8853482139
2841500010,548551.0244372677
3955900830,443478.2938171066
7852110140,559828.5
1311400350,234583.5
7773800015,546240.6
4123400320,520292.37784450426
2725069157,879444.5644743225
666000143,736729.3
5101408678,513881.7274481564
6371000026,385000.854934657
2024059084,749151.3704708108
7283900036,331775.08279186947
8881900230,782019.1051000124
3959400135,345162.1768089564
7696610270,227639.32827315442
1689400150,761214.0312027305
5103900015,430961.3101045758
1441000350,480115.7219688778
5101408735,336382.1980025699
3126059027,2103300.5
2320069014,483379.60246591794
9541600015,610888.5566263801
8682320420,730831.2938987426
1562200090,608069.1139379719
3395070980,605647.7346185594
7349600230,259614.56180540158
522049122,303321.82875778107
869700060,293506.36018012377
811000055,1228535.229635652
1221059176,422090.55586222874
1523059103,410275.3859138757
2025760210,754334.7468122765
9218400088,323717.2641638469
8682292020,442236.16822531424
2623089135,458196.07723541884
3758900259,1585272.8323091173
524069049,609917.2501387146
3121500150,852417.1961110667
5581400080,830949.0105649477
8087800020,483642.7941291105
4070700290,870314.6217647281
3296000170,632742.976543663
9238500040,571608.5
2744600040,355354.9835626512
6813600380,647828.72
6140100150,492625.1492681432
2201500555,449678.52365331637
2600110250,649745.2271140948
4337000275,159008.85620226662
1186000150,552972.2988247148
1972201963,504532.36
1105000745,374955.1797883625
2887700560,605409.3679329049
4039700080,599821.9257334182
522049104,311495.970230723
4202400078,241092.40403276525
7520000695,225496.25
7714000310,386386.24094905786
4319200060,696086.7123646415
8624700015,591647.2847248741
5104520610,310114.368717792
2354300845,307911.18602275295
3824100291,482169.14606797864
6151800612,256637.45378579615
5454200080,972938.5324559164
6413600290,355090.58776815055
2131200065,342865.8825014125
1459920010,265276.324394014
50300090,386920.22214255994
2326300090,586870.6679778788
7714000070,388127.19094905787
3630180500,990839.1996129224
1727850340,981324.3751983577
8691430330,992826.9198878183
2310030390,234136.47227731245
5561400610,485352.64330214297
7010701016,522430.1390930835
7883605915,223617.35109547715
1282300995,373374.68259242503
4040700310,451859.1362817049
3353400435,236922.9
2143701015,466393.7688269624
255450020,370659.3
1020069017,386216.0048978132
4038200120,489989.3419135702
9284801100,305878.9783254925
1965200075,649536.0716633096
847100047,578926.7153648776
4038700720,482822.35678968934
6815100085,745611.7572687077
2508000020,319556.41145216685
255520180,770038.6536176014
6822100750,544151.4912499405
869700050,303673.8237336664
1775801405,550230.888447839
6600400090,220126.2432839209
7202330270,434938.37
1683400165,892439.8184626404
2625069070,1170872.6850575053
7625702440,450367.145283252
3388000640,234171.7195275941
1899400365,268242.51296407444
6899990200,707120.2880276766
5569700020,933307.2591682794
986000045,311131.00078355893
3293700221,334062.1195749771
3764800250,355741.0329358992
2291400566,382210.95
4219401236,1386256.3461812364
4239400840,155602.58450396877
7211400990,202645.6256868101
7696500280,183232.5
7215721070,513985.02547694795
3204850140,367975.2090202186
4322200220,746546.571370793
2566300100,1194910.8553509566
1944900090,433422.9329745576
6648500390,297953.1779592187
7385300020,712839.1096293416
1704900135,310820.77596685936
2877100655,685488.0997006834
2726079098,565939.0
7625703800,450829.7318224129
318300040,526371.7989095517
7922800190,485165.4646718774
2023049361,204965.48102073144
8946400210,477027.50415557256
6071600450,547102.3921603775
4343800100,408124.44828071824
1443300140,404209.95636789483
1024039001,923813.6479300256
2767704860,561884.1049778359
7234600851,666580.25520319
644200065,890411.6286915862
7784400035,564492.3684635032
3826000560,246633.69593707245
9272202260,545720.7157541773
263000253,410883.4
3621059043,559206.8930346017
240000130,507611.93709266535
1352300120,222941.38767514256
7849200861,297695.7
2487700130,506426.66
1796100140,328834.1743619636
7234601221,547731.3899882282
8651710190,453555.9730716104
2916200091,625614.6035072065
1232000915,524003.9176068617
1545801970,250602.5412725361
3211200420,329957.37651675014
7686204675,191253.5
3141600210,211538.73373998777
3959401284,460511.90326714114
2113700825,244650.95066842067
3876000710,406858.08534666436
522069022,552286.1822789566
3214200070,381632.6149422859
1221039156,296140.0837122552
259600790,412985.47237976285
785000040,474712.20970596327
8138870470,510021.0644505464
2596300035,319355.5479718249
540100057,1452100.4292732168
3073500045,594051.9876055354
5363200266,450893.91
8682261650,544533.1458150543
3224510080,885031.9052677789
3211270160,455706.22279552626
9269200520,231178.85603206043
293810190,481506.4890277723
4197400043,368400.0896912618
3026079031,386078.08534666436
5332200405,995737.9669675311
2473411210,324696.6731851606
9268200315,523330.22107002465
8123500050,595454.9539101961
3221069091,466753.5982793953
2485000165,746534.7073686569
4058800215,617882.5592694102
1926059039,769087.63
2533300680,935313.2352153957
3343903640,311987.6494347973
5700003705,1931671.0324911557
2023049372,368807.59778424574
4058800830,576031.1675648738
3333002302,425724.56079442776
2944500340,292561.1542886962
1982200790,566872.8050171575
8929000270,478889.05
8122101440,292018.59928311734
7525530470,751332.6230156973
9332800020,705723.9841115862
3878900525,228571.53
5420300210,276145.30374114105
9232900165,345229.2182543249
6414100026,442249.162951578
3013300660,583298.5
7954300120,569425.1597593023
1081200360,328508.01785319747
2877102345,554047.2982234746
2202500255,447180.0399398309
7984400050,239453.39595021756
9558020380,443748.2626720013
7812801850,235814.59270288053
8944460020,370766.24641765206
2306400040,531017.9452799679
8649400410,453133.3968241399
7889602020,248610.9214318042
2041000025,509329.6674664415
871001484,563643.5335094392
2767602141,612702.6038270075
3630180470,807254.81
2769602140,491251.95227746764
2473250280,344811.45418193145
5422560660,458375.5471817242
3756600240,350068.76750975644
8651600160,931699.5765276289
7202300540,833397.3397921607
8961950250,452951.41
3303000130,438433.97206513875
798000062,268077.1542430864
1695900150,808245.4671993405
1604730150,514184.370831327
4136930310,1354980.3074971137
8835401250,1262025.289343127
8665900328,394360.33
9262800255,332734.11118861474
1853080570,833150.6308319077
5556300114,667581.0280098614
9517200290,481515.9241375269
4037200295,482887.80420213536
7417100123,408771.54624353955
2620069077,211880.05153701137
7922720040,674325.4775353946
558100090,571008.2989364717
257000037,280512.2250676707
3319500385,404832.6180386229
9297301520,326880.16
3580900090,347730.0
1321039076,185920.00809545527
7227801581,302406.6241503626
9407001620,311888.72006612946
2130400150,345458.9527303475
2312400200,256769.1874817428
4046700210,345016.0322152908
1193000480,968082.5995222259
1492800296,632535.1759606276
3013300017,363940.95960144105
3630240140,589492.8979971621
1049010390,345284.48629298434
9320900420,152002.06619091055
4315700060,399417.1820268145
2591010290,361625.32873801107
323089085,579286.1706323058
6600400270,213992.49
2919701105,494202.9411277584
7202360670,891310.83
8927600100,781784.6802156195
3211700045,631651.4073484008
4027701326,506806.6347786566
1601600195,292650.21956595
7853280350,813878.9191609167
3629970130,716762.0065632096
7203120020,794817.9121816254
9542900190,365362.80069332867
8035350120,518971.2512818355
1238501184,934066.6419258822
251200240,465313.7559921982
8945300200,197094.32975910892
2162000160,1125967.05
5466310060,213726.0238346288
1239400064,975009.1686032587
5205000020,326282.83413116465
1720800305,678555.3301941048
7280300375,615827.7076055353
2095800400,466706.7312932111
7852010950,560411.75
1428001160,618442.6987438648
9528104910,739244.9293512086
8644210470,818539.2423388514
7923300310,487882.6330400532
254000100,638794.92
1931300688,499299.5
7007700030,467188.55
422049178,236071.4415339286
422069067,465279.5869984264
2923049393,368634.44014538586
930000305,478435.27
2461900448,483919.84264868416
2610100020,305476.3337379776
2895550050,262904.85182706447
7701700040,273751.07465232274
2460900020,463384.37258093804
9827700105,622756.3947212113
1005000240,307437.67871114024
7200001254,520059.79988856823
866400040,553215.2336413692
305000170,641301.810909311
2260800110,879558.5264212198
3442000127,664495.1039999999
5253300437,395845.0451487471
7576700150,1001205.603502801
5469501410,545654.2297387513
5104531120,690185.9883209973
723049434,310443.44952267106
622069006,1305462.1933938921
2517101200,315712.6856916981
8159620160,241315.4098429805
5561300640,427921.1544708378
3317010130,219413.18450396878
4364200250,407383.56512411847
8732300060,886960.8838797458
5603700025,682682.2623179103
3585900190,1294396.5138418912
3996900575,277685.79208598874
8731801260,229162.24685507186
3810000860,330248.90319869283
5700003585,2380634.81031592
6332000050,491267.6283860974
9286100250,455143.0967023352
9471201110,921941.058757085
9290800050,537604.2823158274
7300200400,619259.7779308095
526069024,959660.1062984029
1454600156,1201020.5055930617
3904980360,516090.82
2626119062,310844.53309286525
8651730290,450609.7233952039
7611200195,784829.0961812367
1919800260,573856.4701793637
6632900354,311744.9066448601
3972900195,313797.22
5151600170,278658.19
7016000440,486888.98482750537
871000435,740314.0159439716
9578060540,502228.1
2332700060,815940.5988382575
766000240,270389.35752953065
4363700200,325730.39333333337
7100000250,328034.6706725119
2781250560,209085.06
2781250100,358624.0419036105
5419800220,257828.11797280508
7147600245,257558.09334057156
2926069083,966140.0092013543
6189200125,871009.934849215
9542830160,300513.9420909124
5152200020,273491.2743421711
9412900045,514786.4978019294
6600410480,203583.45900793755
6979970080,551039.2644240494
5636010280,267826.94834085583
1732801300,993375.6635028011
5561401530,460279.4978485374
9578500510,385231.42
7304300906,323284.73
1223089077,642554.4768903473
721049207,276097.07719736954
8691330310,838255.6023716158
1523069204,449212.55268331827
3188100105,640249.4507766587
6608500290,447840.59
2891400410,352296.2446584024
7663700551,312527.0223932638
5413200140,257377.3122720777
425069139,623639.4804054224
6713700155,383815.7346888567
2767603505,505259.7655573203
7789000080,271163.75
9211500620,215520.84888223893
3750604417,197874.11533867876
7922800320,506659.50631340983
1471620240,355026.97710885777
2222059052,372580.9953229882
9551200270,1143132.7746898513
2767603160,559552.6216674559
9406710060,383194.32
8929000250,386380.66081810027
5538300120,437619.078846489
2223069120,463404.2801122509
1652500060,1621014.7815256733
8564500240,424682.58
3629700120,656732.535245515
3943600070,419664.89526252524
4171200025,293288.0
2425049063,3041169.837475692
9828701650,358680.0950977071
3581000340,359085.21911507746
8100900015,384612.4891859021
2125059161,1136927.9941823585
304000380,206224.56402125393
8146200070,1538248.1522493914
686530170,570566.9
2917200645,462228.1
9547200530,888418.2661433059
2122059199,661124.4392946673
1150000740,581344.29
5706200060,337239.70885354036
9265410010,220950.94123380445
4083800555,503511.38
6152900332,326117.70962523075
2520900301,229174.30400829905
9828200790,521956.2308746802
1657530180,290475.1248110304
7471900045,243748.8548925746
9828200460,417418.6324733243
1775900140,425571.2085160658
6139800430,478318.77102534054
7214400005,509439.0785889121
5332200026,538043.5384387671
9510970300,821451.7905438431
2540830020,419164.1093097098
3392100140,201400.11
1326069191,372879.43619687646
2125059112,925151.4091938996
859000022,332151.7
8854100350,615993.6672545257
121059007,272295.72241812013
7977201707,510513.07532521343
3859900060,2540660.3655015654
8815400735,703004.2178642291
705700530,342423.07910570473
6600780130,381813.6020813132
6378500105,408166.6482253142
8143000310,438699.5
2877102330,754053.8522313663
3526039074,638723.0733936462
2115510300,238558.6630692594
3024059014,1838185.0
2141330360,611248.0628013383
546000400,498817.03
2071500011,405482.06265734613
7972000240,232534.38940993327
7016200460,432170.15762517275
6204200180,453010.6100257144
1552100135,1112879.046511687
88000173,432021.0364374017
2581900235,864077.1517268192
9211500560,221122.68039389997
621069218,424828.52609852754
1321970240,298128.05511466303
798000630,298726.3450080578
421000285,268573.42260373913
2824600180,831919.9758160913
3832051140,307911.26995515055
1237500105,755193.5784375067
8802400906,260770.01408922803
3166900270,392699.6333533773
3682000060,369241.4476020996
5469700020,269828.7788010328
1245001820,658195.0988137601
9547205660,586594.3464928889
7974700122,737773.41674634
7550801225,563240.5996632001
1099950050,750201.2293607604
1402900460,316392.08715478465
7636800041,1461765.849190137
2115720270,240664.68975542538
8651441750,199451.55598501227
3904100035,313642.2036664951
8815400020,620267.8497059476
3303860590,478370.79
5427110040,1126540.33
1782000160,341597.80249783664
6204420290,470775.67089419643
3995700245,297053.23765075806
7955040130,476592.35
1442880650,514004.24607311713
8833510230,1014798.4576055354
7283900551,406563.464971964
4396000180,264928.9364154979
7504021310,710941.8374235227
322059264,263042.49818029813
3654800040,261708.41925604278
2767704777,537439.2817887573
3278602190,363697.3942616324
3236500220,467154.31667412736
3410600100,308036.2132036377
629410180,740598.04
3352402250,178695.84319600038
4363700304,341357.7695373763
7237550130,1316692.6797460394
9808590210,1174205.0430331936
8074200175,267165.47343264916
3463400330,471927.81888555316
6306400140,1101249.499485531
8564950250,542301.25
5381000070,221261.43397666834
9826700697,456425.87257794896
8132700190,453485.33961204434
7943000020,176151.57957999603
9547204675,609063.3662253649
4112100101,507474.6605416414
727500030,754496.0
114101426,337157.7648127258
9274202005,814569.7584626403
1193000380,968980.5527678955
3039000020,478607.0
7852170130,669461.51
2624079010,646299.3009029798
4137010540,307239.48428869614
7576200012,788783.7481573134
1138020020,323517.123687587
3969300030,209529.6675823465
898000200,210293.9989804562
5153100030,308809.75
5104532030,549874.6532844775
4406000050,230429.6763231939
9274203390,599145.3203274757
8682290360,404844.4038382133
6928600330,268395.98
4139680070,882549.5627585638
6844702690,485155.0
2154970020,1973233.0
4385701285,1305887.8026618743
2426059071,577206.6092305703
2867300160,536205.637884002
9512500720,516936.1737125829
1773101020,337488.60253561405
8687800100,289636.52
3627800050,1466464.234206422
1604600227,302849.49305963796
3300701170,448828.8148919809
9250900111,477623.7751872663
7015200790,693489.5275865814
1311100490,246806.51522589187
2469000010,810201.9962149097
1982201596,578374.0369647929
1862700290,321209.9053945567
2586800270,244212.2436657142
9528102772,476813.66377993615
5490210200,477237.54227637337
6669080020,450628.3601045758
179003055,223817.4359986991
1860600535,893911.8701515482
1592000130,604163.0
3905040170,535983.76
9320500080,297856.1757529912
9276200850,485283.2204225572
224069114,605332.2403517422
2260000340,610583.3459191222
5096300130,400552.8331706681
3432500215,353835.2476884523
2600000050,695621.7561892119
8856003839,228050.52015228503
2492200435,468242.919928368
7855900110,1093636.4305213862
6806100250,318566.24129021977
2770603523,505060.7762847726
1370800515,1701337.075337032
2726049150,490155.86634179985
1226059161,586079.0758200106
1068000375,2974276.8675827547
9528104109,508369.5
5126310060,514312.4971846521
1951820070,560541.2048327137
1545805980,351923.7804759026
9464700340,888119.3362077319
4319200675,7822709.73
7518500885,590220.4747878044
7852020620,500979.00154661445
869700370,312717.62992170104
8643000190,260577.77992175147
8902000267,619129.2358658096
7972602435,246057.42
2050100210,1096939.6789865037
6705120540,487143.09621632955
2767601390,594100.3841705329
4141000490,1158725.276051215
9345400350,1741052.1054576389
3222079162,333319.4665705964
7789000120,269636.26
6646200770,678208.46
6666800180,768950.5747324133
1725800280,491044.7641930487
6117500460,1129899.5
5470100220,230649.8822333394
5457300478,450838.72390464245
7550800195,576053.0
7787050180,545274.9277084045
6204430250,541162.8345090513
7640400250,534080.2497303106
624110920,835066.26
3629920140,412555.71683859127
7173700518,709279.4198262431
3210200395,263676.25177175907
2473480560,363376.2581435242
2623089141,469381.3487079032
1423800080,222255.7781380283
2076400050,288047.0709308815
3832060120,301421.2909919612
7702600930,391301.3697846989
5101404555,418188.69369903655
3723800415,459658.14119328186
3356403400,225096.96774590336
9214400125,508658.95
1797500530,568126.3334252973
9551201660,1084877.7
3878900815,373485.159540012
1760650280,323088.95034447813
5466410030,241457.51
6388930620,619674.067647508
2331300395,710570.601422863
9412700160,290842.66
871001611,614193.8383410658
3142600120,613509.1859509802
3995700220,346300.3
2310000280,289514.8414943568
8039900400,420248.2337171398
7504021510,708573.3065772412
1959700445,1666918.476987394
1556200155,546051.0
3629960590,363833.96014901885
259000240,477942.65407309786
662440020,393262.716978606
3123049142,511376.08890686184
321100260,788548.454180941
6840701095,599144.4148421047
3738900165,410625.6104590505
4427100130,327061.73308479605
9238500100,472615.96302167774
6145601810,349519.2962193375
2570300090,392900.78094465553
4017600010,483610.0821872452
1005000220,364470.249970874
1257202120,527556.244070031
9527000490,468889.238080051
8691400080,721681.3615075119
1726069084,490616.10637053265
248000240,198106.20816698865
6113400046,479388.2019664178
2130702350,382582.3198264449
920069052,261667.22451121503
6071300160,581537.5906323058
1623049041,165783.44152609084
9268200285,372946.40039871517
1843100520,380624.3001745531
2887700826,681736.065661456
9122000385,579774.9914132324
9475700220,398678.5
2804600005,805326.4774942892
2896400300,437948.4691139119
5015000180,730519.5511317424
3630220180,784123.4280518675
8832900780,602671.9179605757
1568100300,437739.5
8718500610,402791.15
4147200140,1181081.4279483794
1973700030,813759.9494937765
8862000075,187936.9
9320990110,313282.10932496394
1151100035,417930.7
2011000010,244227.65450990625
1651500060,972848.0970203079
446000190,742742.9664872594
2344300220,831707.7232753863
523049195,237721.39585430812
9191200015,642000.7238039684
7942601410,769661.363153363
7137800300,206273.39708117963
7853300280,508642.25
6654700240,308141.2596894863
569000050,598127.7326515913
3584000180,229676.4768056342
2026079055,374017.7380433626
8898700880,282774.23411217297
5075400150,619237.8255692562
8731981360,345976.66
4222500020,235615.86345624068
7996720050,646250.1081242885
4077800094,648016.3106529675
6446200365,632998.4509639295
2824089053,488504.4354518431
1311800220,223045.97500152432
3522049063,635444.8522616079
1721801280,206574.6004284812
6131600240,212596.97124015237
7202310040,604076.5
1123059125,515606.5
646910160,250213.75695307468
5630500005,354823.32792749867
3342100785,299414.83
9547205610,660221.0
1773100123,289250.11199806276
3353400092,308397.9937247145
217500015,400859.0833258683
3649100031,421783.9210343691
7896300150,293529.00978648575
623049185,260097.1452074783
1773100430,309088.988046812
1781500220,594579.0
3395380200,257079.93392742283
2424059170,2505916.1300510406
4389200765,1814142.4305841578
1543000060,494257.75667502545
6154900005,610031.1479874526
2902200240,480325.45
1442880640,527402.3563533251
8562770490,564164.344333858
2768300655,588905.8765610695
3432501315,311867.2092055867
5035300570,841043.9616343343
3626039028,391063.075271541
3876540780,233656.2575494711
327000100,1039598.3010849649
7551300065,479907.9269126613
1312920060,245167.4910437338
2215901230,255828.68598963908
6306800010,455409.4268752653
2767700022,545006.6425245185
5589900610,564822.1775493498
4320200020,663991.3273479128
5249804655,607288.5364106594
9238500480,563731.6708941964
3885806565,1187888.8361842788
7905200205,449021.2171333945
5727500102,317730.8314919858
3585220070,433033.75980506866
2078500210,587150.6839191027
1839920050,385959.58534666436
534000080,343507.26
856000255,651704.8083646685
4141010110,1567892.4761789348
9558040820,631578.251965673
7768700315,1201611.18
2796100640,292470.0855795804
1922059010,212683.47695672177
3448000542,282201.757225487
3883100220,287972.5
7237301210,280865.40845322283
3893100456,904354.7926704976
9578501110,374935.8727419637
6145601995,415538.82
4024100120,328626.1724523363
8899000050,341029.1443213079
3396820010,643976.4096764065
6749700117,353294.45
1954400060,514075.51
3303970100,709307.1044923216
2540850070,446281.11953413626
3797000745,497444.9365390345
7883603700,255704.55420795828
3438501452,354102.9
3530210260,751279.7293607604
3598600049,193262.0884048301
731500170,328026.7341986059
7129304375,180886.03992528206
263000006,411884.8461381867
7212660560,318309.8007511568
1112700010,416241.0
3420069060,541648.3756035552
2473000470,431280.6772682159
8691390980,715847.6421816252
6184700100,440770.666473852
4476400275,366071.3623459594
2968801240,277472.7511660339
1529300160,445475.5
7640400070,573769.9414495924
7016100380,445628.2643961428
2172000890,464996.1787339247
4035900015,718093.48
9528104660,1015895.82
507100005,380770.594455191
2783100160,377236.83917531924
3629921140,870242.8644570893
1099750610,250738.85633006773
1330300451,1106037.0617256272
2757000030,946206.4336549715
2114700190,331194.1654656041
2050000020,1003550.3082158298
3832500790,299633.0542531677
2612000390,314265.67013680347
1483300430,446660.5683704142
8899200720,271197.23298711336
9183700470,307411.58510720194
3530490031,215481.1642890787
7857001225,353867.6233252451
7920100083,452852.8540812032
2254501620,474499.2971801322
3303000130,438433.97206513875
3876200070,431548.34659125184
369000365,368527.9624733243
3052700385,688017.7664511014
7856550240,908088.5760050082
7300410110,370435.81327147415
7201800300,434618.65
1695900060,526590.3240926302
9429500146,866847.6471279297
3629910240,665444.0812050721
8805400090,255420.528229907
1022069050,290258.59622968786
1138010530,367644.786473852
7877400266,183795.44348153888
7974200452,943395.9137974636
2126049265,478540.2135797973
9547204350,687303.9727431089
5560000680,187681.8146737513
3793500550,310360.2977229438
4217401195,1084385.71792867
1826049408,383797.45144263166
3905100210,472332.9541288737
7695370160,495163.50382486766
3210400060,242487.17952525735
6146600170,169416.70365003854
2767601750,504276.2194102393
1773100926,344491.8665342823
5700002125,603522.720949237
1951100100,182559.09
1402200340,340650.7284861728
8044200200,399186.84440422244
66000070,347220.25
5083100065,205531.57141362305
4027701284,409306.86820812675
5693501100,554464.55
3600072,550822.5348810875
8078550250,315882.48348737403
1922059046,335801.42548585305
2902200016,720588.8969915465
9183700845,169305.75
3333001997,351703.2123226185
1432400525,242284.36003404149
2824059128,504642.68053505843
6453550090,900745.5768724683
6202600070,1183150.05
7524100280,235764.61432370578
3524039224,920863.0791741183
5739601300,686899.277885355
2473000410,393580.2162761779
421059018,270676.6371522604
4232901120,754895.1769915464
5559600140,242269.41302309278
3797310150,292669.6296268888
7986400265,720279.3097572412
3025300095,2241106.9
7524950830,574436.9562163296
9407100730,259493.55602467983
3812400854,405320.61742997915
6002400030,331912.81665240077
2212200090,232483.89617365913
7202330610,554342.82
7300400170,320952.9122760763
8965000110,435363.6482583767
3996900125,326486.13181394094
2221000100,298083.7784861728
1524079088,382447.77968952263
1133000036,387161.6392222786
1868901190,715459.2500298658
4037200530,493727.5
2095500120,336472.50995812326
1995200338,787846.7634300897
8820902350,730973.3244287104
7459810210,381712.26891454606
9536600010,526593.521511661
8085400586,1633562.9499847991
7518503065,376855.82493457576
8682320350,621877.7418649903
3179100790,753385.8891137895
9828702666,508621.6518146599
6713700250,531912.29361883
2141330700,660439.3424472654
7519001990,436502.71006634616
3223069019,329646.9737255825
7994700030,356745.1020816883
2592300450,303985.89410852036
2792000010,412691.6051772992
173000025,338104.89807686314
7203150330,695822.4026251923
3305100210,845429.3187507477
2581300055,1060162.2436549715
6613000750,1569080.7322045853
7015200685,658363.0482771101
1323089184,449924.25297890714
3793500510,400161.43
2225079030,352040.57331557677
3578400710,380779.26153279765
8100000090,255061.3622587032
2095500040,316230.86896613694
8682281710,744556.9483724314
6163901380,292574.9383049531
6918720080,650841.5676684002
6914700130,494784.0
1205000215,529469.0235704542
3800008,270947.7878764956
6150200180,277287.0775547049
1223089066,729548.7853336686
7768800290,788867.7283101577
9285800330,804364.141422903
1974300020,463172.0
7628700050,13707511.50368291
9376301800,624687.8241463287
8651430220,186668.60809545527
629810350,811857.9209430485
5016002180,908505.1892743817
9558010230,371548.7085690327
8732000390,229710.96666666667
7899800586,372684.0
5249802460,472684.58
1446300020,538330.91
7785380150,592071.2957158164
1245500950,892542.0656159314
3362400640,640431.039228659
7578200310,637708.2241851374
4137020910,302073.0587010239
11520640,800706.3305438431
7972601995,286806.4960367378
8122100160,369901.57666666666
9456200450,262872.8835312078
1328320760,337684.6541715304
4025300285,320111.47390029154
2721600125,1003764.71
1123049027,209490.49463966227
3542300060,248613.39748500419
291310340,551785.0279670962
8651720420,454814.38
3298200790,402675.173718943
4037200585,439930.27022698766
1329000090,1323817.1773148065
9279700013,1283869.9383606461
4151800265,595486.15
7760400210,244869.25701741644
5029450110,222551.31644942155
9492500160,854181.0609450393
3578400270,412146.534149571
7606200090,307100.275971854
3682000050,354368.21829718543
1250200415,353274.39724723255
629811600,701752.9148860574
1839500115,335547.8733333333
1176001293,1428717.7534648268
3013300409,414885.83019286604
7853280370,818938.4914666074
3275780030,667828.7961143395
3336001946,219116.74436190014
5456000110,781158.7029192388
2473250400,308869.24770649226
5393601635,605960.8409680175
8820902905,377828.74
1245001659,796584.9581902986
1523069215,423298.83244521223
930000234,489284.80496777757
4083301645,684340.0629836961
4055700778,667578.2196397809
2781230080,429478.63
3629910210,657690.1263665109
7856700060,620128.6962436136
7589700055,488631.2610509122
3888100043,381938.7945726899
6381501636,401130.6619454983
3303951150,398248.7126679244
8638500170,346246.0620362629
5635100050,411240.6687790163
8820901792,831036.9423624733
5456000025,1319303.8234477902
985001275,182283.87577898987
9560500105,723391.7771886658
1421069117,242794.75649198415
4154300296,264436.872420844
795000620,148875.31933203246
9828702335,563620.9342965868
1250202145,1291008.4664867788
1163400070,275542.70360364264
5652600065,671457.6274481565
1042700050,822765.75
8899210320,348533.82014538586
1651800030,1420562.4895350612
2919201365,727584.9183430183
4365200895,319564.0
6841700100,910964.7241851374
7376300060,457410.55
7852090180,533666.5619183301
9222400565,534615.8540017803
9542400075,761000.4260280281
7338000150,187211.30650315018
4322500110,579798.550325538
7694200070,400492.27890256094
9321010130,235403.3392213473
3204300455,1146921.3332405025
6706000040,286543.44
1565930130,529036.5197387512
3279000420,236895.54294443116
194000575,509924.89333333337
2115510160,238969.7038513747
7522500005,568106.7094299138
3787000140,461745.14
7852110690,632664.1
5469700260,420025.1522454709
8691410730,725479.1
114100763,301613.1556946251
1257202430,932222.26
7000100635,605727.4518180074
1900000195,205313.78986693145
251500330,1700759.8
7701960210,836973.4824748482
4037000065,451047.77613415086
522059299,243610.34833475284
6072300800,680937.1605416414
6821102358,540218.2984257385
5029450200,206395.55439612496
8860310240,591183.187952971
826000295,365530.0877955012
9417400110,429844.10693623766
3959400345,745910.027583695
8899000430,319916.45
7527200030,764359.0851725728
8562720410,1267110.9101474145
1432400335,214963.24637527554
6699940320,354571.60095180525
2525059172,685716.4551089975
7548301044,371910.2461877801
2141300420,836512.8662387925
5100401414,422038.0375621553
7346600092,240582.6112628175
6852700478,484495.53
87000213,257200.5350877225
5416500260,301731.57823424117
322059097,269261.14814242884
7229900005,355936.84769508126
7116000350,167337.39
3739500096,387681.8387940207
6744700900,654198.8660741335
1959700550,1005154.1972778281
5589300435,372537.6045079261
1775920350,350099.66444298154
3750607974,313407.0386257268
5318100935,925998.7918771942
1442700430,492471.59930865536
9346700030,739039.1980069983
1841500050,360566.2254882381
7278100665,314374.9571042171
8635750980,605690.3600642417
6909700340,611143.1976690172
7011201475,914722.5128358937
9348500220,566239.8439178078
3876313170,418615.1979605757
2195700050,865220.4514336273
3760100200,491240.1126683288
3396800120,547475.6065816577
3750603685,271913.68986074673
9828702310,505355.8066885381
8656300380,350044.9845696536
1438000170,564718.185073164
2423069164,449051.97568367294
2112700845,310872.504650963
7635801370,543426.2489068619
8572900135,415934.53700224793
7504010590,790064.5
6821100125,475352.4506367499
4310702775,302515.9110475869
2591010180,462615.2158195253
9828700235,626011.1357150116
9376301180,494510.18315469206
1646502355,1127494.73
1498301672,552698.8867425433
7715600070,422632.8345343884
7283900045,482351.63921226724
522069119,506442.7247159402
5200100125,604191.054787406
826069184,503499.76603255863
3271300155,767605.5855566848
4444800045,706767.3284113295
8682291050,655711.9163773479
2770605420,560000.2
1556200205,552648.7585190533
269000970,1574751.3147347986
9264900880,248871.9382013012
2323059074,222340.58779562567
1224059053,1319200.1392057599
3755500065,471721.0
2571900430,347421.26047590264
3705000070,284769.20816216746
824069173,599709.4470801627
1735800050,161441.55
3025059089,953427.607707644
6132600655,824889.1
1068000255,1696492.337799956
3052700921,718849.0149566755
3024089057,357051.55
7390400026,292842.67058533616
1787600224,425206.6258521078
2923049372,313873.8705853362
7015201015,1065683.9459716356
7701990040,899703.5832110223
1925059194,1246045.8265116871
301401370,329485.27
1931300955,468556.5
2395710070,360370.09
2591820070,381876.0
7883604065,251576.20098827244
808300200,502512.0
1421069159,478236.9652211743
8562780540,336689.7212737879
2787720300,359506.7412902197
2349300069,317296.32463535434
739000035,159214.61244154247
2397101460,575554.3568028901
7625702437,390211.5
5101406441,484714.57
3323500010,1260648.2524188585
225039082,819149.007368657
8078100260,359571.3253229882
4139480200,1310802.6
7436300160,453137.24
822039004,613932.4305618503
8651442910,241259.9665292139
1370803510,724501.4446710509
3342100569,636237.5095186045
1310430400,471222.27242508397
104540820,238273.22
4305500030,578766.9096547551
993000090,992927.8444287102
8044050040,435830.8302094233
5707500050,789793.8280142739
6306800080,343635.96628351463
9206700190,712815.6066666666
8732040090,302189.6413594843
3037200045,467095.4402545158
438000025,660461.3870579675
239000115,366414.49
8929000230,481156.19
7135520610,1125549.3702635446
5561300340,558448.6514125937
9530100085,750425.9222539499
6613000140,1352385.6592557097
8835210130,320624.64311889897
3782400190,355270.0508709076
379000051,284174.5837122552
3869900150,343774.8775591002
4322200050,484807.6529724718
8961980290,689904.7721799398
2558670110,451798.0851993652
1124000010,446908.88
3869900138,486254.67411619576
7853300720,464406.75
251300110,266988.2032663977
3904100041,292902.43075240904
7701990300,831914.0666666668
8682231190,552774.1543671665
7888200240,226326.9777657815
2025700730,300475.32583601447
3066410800,669044.3987568911
7576200040,722498.5829606033
2526069095,1215742.731700474
2781270530,181711.0
3763300005,451684.14526121365
1523049083,214811.64967111222
923049468,201262.06944562297
3303700221,611898.116964793
1502400140,232336.12982336403
2880100160,1025450.93
4083304535,782927.9126620963
8820902549,562601.5984098997
4139400060,830618.243930864
1222069094,329031.32030227326
9367200205,695951.7240246705
2734100736,295662.43926081434
3856904580,775228.8953063269
3812400789,342452.07690037566
3303980090,1051910.1513380392
1314300018,336024.0228698477
9522400350,541663.4379592063
7524350080,363681.75658995286
9406520260,331923.3581437131
3278602040,375786.85213241406
7696620100,237385.7150712489
3751600635,247014.29753366348
6365900065,418833.0
8732800100,287744.91
3876540410,236771.60684650726
7349660050,266903.7051507243
1036700220,655058.0800120564
5417600200,350027.5621558204
8732020310,298101.37
6844703240,932516.3549496727
923059206,349608.25
4038700220,558324.068380505
2597520900,760637.0
7203230040,1004499.5210227862
8820903560,318128.2599044874
424069112,675215.732542211
6056100102,519598.01846945344
1823069155,461061.4519322512
9412400220,2539247.0617728042
6851700381,1045051.5531943064
13001215,270535.3576169971
3630180340,811595.6191524029
6746701090,572243.0922028547
3832050760,266781.75
369000690,517478.2553560073
6071900130,554276.8197349978
7266200085,699397.3837698492
1473120390,440479.75649871095
9523100458,539769.0932966764
4345000510,213284.13566294112
6600220090,478982.01579502807
8079040320,398485.6862701319
1357900060,450385.1670894794
3996900295,310647.70439495763
1442700250,518472.8410767905
5021900175,690796.9595610786
4365700130,339619.59319263964
3876100320,577221.9662182487
2124069103,481135.5597823263
6700400140,256593.0614846926
7852090810,531328.75
1454600038,950334.8493375618
4137000250,312861.496631624
9826700726,596166.6016206814
6716700325,487956.09209089243
8562750300,602708.4010653029
9315600050,1722166.1498842633
2790410250,685510.587502663
7732410130,675329.3935108882
1387301730,359608.57308771193
1568100220,351903.8076461636
3975400085,861841.8798550728
339600110,446302.99469544494
7888400500,243041.15185971203
1842390130,748198.0704838744
7595700025,354330.4
2158900140,859083.8825236794
6151800070,372439.57024185645
9294300515,768373.7644211866
1250202660,850605.8811008165
9106000005,1029705.59
5035300085,747191.1850357491
8898700440,286045.2458894574
723049197,208807.31933203246
2019200220,216830.48016899932
2926049408,762299.5282944929
4233600190,829824.5563841343
9268851860,447660.0
5458800620,704844.9001943299
424069096,487492.64297797874
8150100265,253745.8892155364
2742100085,403136.00914007775
8045600130,409176.93
8039900086,306878.2590358429
4131500190,296200.37
1370802650,795578.3699791527
821049149,259662.4
5104520460,368445.10512927204
5466750140,245678.8082442772
1703900155,297815.45199809485
8658303065,350392.2151418349
3298720030,396542.61534150643
1839900080,337488.78958209156
1561600025,768545.56
6064800410,318575.43531039904
621069102,193457.0097591089
7853360620,420007.3320783512
9385200045,603531.306131775
7214770020,656474.75
5412300100,237585.6618929297
2025701360,272988.78511453624
7334602070,305573.4913389676
8029200190,209028.9240304829
2622049052,515648.81235733186
3126049261,356529.0871634401
4443800705,449899.0290303456
2473420100,337793.54996020003
7922710520,558743.0174336064
3336001911,261842.79248186812
3797000300,473984.5
5406500480,654908.7527825879
6706600090,442027.0
1518000230,331660.6744199297
1250202990,820543.0077335541
6441800060,818925.7407930851
2141500070,454164.48664248915
9407101900,261652.97
5451300117,1918431.0
326069132,531760.7472907673
7153400100,252866.22778313118
3083000910,433948.78149853327
3021059304,328609.7699581233
2597530650,804385.2797598513
3972900215,318731.1529839717
2473420070,316543.03902577946
6115400008,497469.64453430934
8682220230,781710.450203234
642150080,539954.1627066502
3775300030,339452.2199146016
5418200340,658546.1666026578
2424059119,1055143.1794918852
7899800476,254135.44491597402
8598200070,293154.81004362786
2421059125,495005.967012353
9528102771,549414.9949158485
7522500020,596300.3338299248
7202340720,586465.0
3286800260,606482.2861736753
1121059105,444426.94510877656
7504030220,626581.0
4045100190,1594723.7808946746
9406530090,365238.64
7138000260,259430.8920464298
2600010390,714594.6351953958
2917200365,432885.55
2191600780,207150.98
7784000180,517235.14
6149700194,318233.1067105876
8082400136,696922.6248602605
7202340930,678320.5
1972200556,611694.5
2767604170,601447.0
3271301175,598687.708027948
3223059303,508243.3736167545
7598100735,1199723.637759663
3348401490,314388.64614518353
1545803390,266453.42954204144
2296700050,457179.44
3626500045,698490.8333556893
1596600060,299990.4223056163
3616600250,1165453.0251687896
8078560140,289916.7248110304
1796360350,238368.16220173315
2770601763,542646.3111194514
3223069118,698533.058043879
2473372040,366741.56014538585
3575302759,378760.68
5706200170,451477.03129096754
1774000030,498836.17089419643
2224700136,358194.7
1250200418,366047.88825342106
5416500840,371053.23
7335400345,156499.93228614653
3776300010,948055.6901056026
8857320130,520115.01
424069206,741827.1799778083
3592500985,1116773.0070211878
9828701295,400973.56289332075
2621750340,296577.86716088624
7334401000,266572.14320977865
3286800110,593422.285564047
1722069097,525430.9685704871
3574770030,537091.42
1336300610,1059010.4853002366
7230900100,342742.61940792
6141100320,293906.5
2767602356,811766.362864606
476000017,484234.89092424104
2558600100,444508.1989036767
3500100015,287955.9188592572
4074300150,446675.0933333334
8907500070,4230555.931164922
4388000260,190216.8525
2475900850,293950.953646668
7852010900,529423.8119183301
318500300,700577.5923521359
9200000050,187266.4389905964
1026069106,502763.2231852663
205000120,634376.3086116288
2616800600,827670.2959976861
921049141,640744.84
2023069059,725130.930241999
7229900145,377028.6855281658
4376800010,559298.6425390933
4389201095,2250209.513794461
826069127,488291.09237363486
2310000250,276884.8987629372
4058801225,329385.9528738185
6600220550,452706.29680534033
3585300194,1342278.1
2594200375,370797.3677205287
1102000514,926230.61
1862400471,410066.28
6928000440,310427.21843741654
9578060470,507959.4267843704
8732020670,261014.3717699832
1823069088,289427.92980991094
8712100350,1095130.0236553168
3420069055,329699.3
4229900140,366230.1
8682280490,410573.9
3830630310,262675.2282013012
5100400251,405370.3885443142
1737100830,667741.0740087576
1630700276,415348.43
6326000205,475629.4
3426049284,1993783.3324252677
3814900260,412676.7550668395
7403200050,1693194.2461812366
1725059252,781188.9437800385
8899200570,319179.9418668332
4137000700,277045.04715914006
1115300270,862028.6011875108
3904920380,605454.7908514543
2695600195,379001.61140818225
9542100135,847343.3061196676
1552510160,446862.85
1823059241,661392.3032445433
2193320450,588695.082897208
1122069006,522633.5106257959
7853340330,398384.14
1954420380,487532.4917129709
7299600530,274574.24684646796
1760650670,261921.787920431
6819100080,571402.61
2767704649,507082.66098683054
2424059035,930065.5356643428
1566100400,418373.0
5255690060,523878.9558569217
8860500130,381593.0801453859
7349650120,331997.76646746765
3291800670,461609.2447879585
3764650010,508097.4
5416500950,408969.82443404256
7973202712,219479.75624447357
3291800120,244688.14748500419
9211500620,215520.84888223893
8643200020,422367.69489095657
9197100101,182729.35
3531900060,367211.87256001093
8842400071,440590.5
6844701680,516874.37716344005
6413600285,421533.5352494116
5196410260,951935.5584683492
824069121,853958.0113893764
3876313120,401205.54
269000030,1088158.776907499
1560930070,637358.7278024721
4435000705,188875.74917185408
9542400025,789154.002203579
2470200020,1540812.7509125706
7519000580,527902.059888715
1226059101,538254.1562415238
4449800063,386582.8006879801
2815600305,626901.5566725762
3821200050,329695.75273034757
2644900110,402494.5260770752
8058500005,443262.75557034346
1099760230,238064.30774590335
1954430180,506983.57134476333
7853360480,520581.96331986866
7229100040,310886.69396387046
1432400120,182044.50907155103
1898200080,347249.38
4054520100,874781.0
2568200140,772947.5895246981
587550010,631317.237041457
4154303215,803735.8238577471
6358900070,998593.5
3277801640,404446.40340558963
6209000165,368341.48890321323
6143000020,282589.46609290945
2591780180,398873.56321011996
5412400170,255212.51568531978
5466350120,255061.63138255765
2877104196,635759.5955597257
3222059007,325641.209872832
7957600025,255112.78244953539
2698200210,252733.0707059685
3764500230,619169.0113878811
414100630,363017.41
8029740060,338769.0326727438
1426049054,351094.8910974397
546001060,661660.3680225806
3277801417,382701.4641930487
3630120970,758422.97
2326059080,974206.6193708049
3278612370,371377.5
4024700100,321781.9540583647
7697870860,238679.450530467
8562900240,604895.1485565114
4059400585,202983.43936703942
5703000050,492767.25010468357
7701990560,830259.56
1760650610,322182.6371063479
5408100035,447295.70821697114
1370800560,1188189.7413527824
2880100240,497735.1445436403
3630060150,587314.6110614702
6071700020,520471.71555345133
2473002500,428357.4016669843
2768300650,536833.5322484307
3523089019,817244.6477030107
2787250190,560102.6672545257
9477940440,437239.1429274495
8732030440,277555.20297931234
236500050,306516.08513172163
993000100,982891.5939509361
5466700360,272534.14058989944
7203220300,833446.91
8682292180,408989.15
5209200010,524110.51666666666
7853360990,422628.6660391755
8663310010,441190.0929902145
2313900165,545465.6008831365
6114600030,543348.5855640471
3303990030,869532.0474623129
6679000960,361238.0357527576
8161000230,566087.9716318924
9510860060,686860.993735024
1223089083,751624.2182571876
2721049059,290775.41793545266
2523039278,301573.06
9826700707,506284.0955597257
2159900120,461828.60386651923
2767600635,601762.3343457623
3812400455,425779.0495107084
7852030960,466822.1101045758
319500080,695938.2360169718
1061500360,299762.6159496861
1787600209,363564.45025132684
7888700030,574885.0841494955
3623500260,984700.2007872547
4219400520,1297831.0198362959
518500460,1823848.230901166
2500600297,304976.8709067017
7283900010,305359.92263756046
9225900055,297182.18294629856
4036800925,427636.49
7967900150,392378.7311609949
1782000130,419959.95986602915
3163600015,151709.6731306201
254000075,454191.9619706968
1424059022,984575.1959156174
2768200090,835031.781280956
4319200505,476916.45621632953
1592000780,665773.8749389378
1687910100,603141.0545236461
5200100115,582399.7280556872
3751600176,201728.56
5608010650,885582.2348420732
2051200506,318462.8009355656
2781280310,286792.00409135385
1023059190,278235.6883398662
2787310130,269850.5
4358700100,422735.68075301446
3121069036,558912.4303352977
1959700225,611379.5776411277
3205500230,387041.786473852
7974200937,516611.32108236884
6819100111,924328.6854058935
6146600175,177516.95168239743
1525069095,809507.153086692
1231000510,511350.8574903096
4122700040,1053845.13
2426039314,316869.52253733034
2013200390,272693.21320363774
1854900330,723472.0891550126
1923300135,608354.1970956397
582000135,548865.5998508375
587800130,292729.37329749437
7840800135,220056.3489949897
6116500366,368196.8671251863
6392002635,625072.3390661348
5361700020,342581.06031564804
106000395,417214.37
7199330390,380099.77440422244
2484700155,626022.460651076
4038300070,494625.31080323795
9407101850,319695.22279770946
293610040,604504.5
7202360760,812883.773181243
5608010750,1114616.0314180097
7236500025,307576.1473893398
9144300120,333149.75077270844
1454100267,398123.33524941164
1377800135,640271.8753923019
7967700570,234193.70444127417
1562100220,617305.407188666
2923039243,454861.0
868002080,892633.7256159314
7137960460,263896.56354700966
1023089096,300867.8751755573
3262300818,1582665.31827002
8563050110,571828.3371243651
7137300245,416527.3174287321
4365200630,413347.9
4100500070,1884166.763091109
3821400200,266497.45199114527
5379803386,238652.90209473355
4237901075,665850.2113148846
8118600155,419757.29697171494
8946780080,875190.1058196963
1428000970,363129.04502685345
7011201004,624256.3984946437
2799800180,368875.7283507295
522059130,249155.84299222074
4315701163,616538.6873991969
3649100387,430610.2933952038
2125410210,458493.38
3224900130,219590.49013224285
6798100661,311615.65997298545
3626039325,1187756.9543255412
8730000270,359241.568491549
6065301040,790258.6909560615
1665400165,235357.98842710705
2203500140,398027.68466992246
4058800875,352146.93472033605
5076700025,457765.433390985
7853420110,598230.5795186044
7818700480,325643.1806149266
8658303080,378402.5
3187600100,598313.5818834082
4077800518,366299.12039871514
2470100110,4383979.907138579
3451000206,336670.6405727224
1843200350,203618.3077493118
7904700126,391045.0
9430000070,275484.18440487847
6003500749,630332.387639984
7701990700,849556.2266666667
1310820150,335987.6251146631
3975400190,637903.1609902848
4100000050,616106.88
7202270700,578249.4500823264
7370600020,644846.1072715493
126059225,498852.9855923245
106000015,444359.12661901326
4458800060,868486.9679484579
8944290090,233815.52447062993
8682250330,729951.4298035257
9834200390,439524.97815523343
3275880100,739530.394171253
7227501190,251802.04748500418
1796100010,620887.5457982462
3831200210,303327.682927116
2521039066,262412.598343392
7701800050,445743.84211561276
3904960910,659473.4329781584
5647900670,279922.88587718055
7234600796,556375.5590193114
3021059244,227013.14220173314
7787400030,1743729.2880894672
2051200436,535670.7658078525
8820901415,370479.7409973198
3523069047,814510.9067877841
9194101388,569244.2380059252
7277100610,325473.3143949576
9471200370,2036458.1613594007
2767800140,625403.2597036529
3629870110,581585.8650228428
9136102057,664136.5332562525
8648900060,526830.9605676363
3678900110,372207.7810737858
2767600150,503817.1687734793
1972201511,653390.3697240881
6055000430,627558.0306520137
6624030050,365220.5234627731
2215450150,331035.0907268034
2767603824,464407.9632049074
3585900460,938018.0
2922069134,440035.2247159402
9267200062,352003.81518833013
7228500425,544878.8
1089000190,815680.0045736061
3359500960,511999.3980028472
5152100160,418184.8331393802
7230300060,383385.6788194578
2423059067,421760.34016433806
8016250060,238915.0658961349
2524059267,1124030.954454747
1438000440,487554.10635332507
3326069026,647716.7969105155
9353300600,325439.21
8691410060,730592.3024214145
6332940070,530681.01
1310980110,291674.5493386174
7428000120,240187.4021927447
3626079040,561269.9723182257
2722049077,296094.41326116794
984220290,299930.11
5347200160,263095.04185456736
4154303655,513590.6165109187
2953000250,271492.2878764956
9523102447,658344.7284091844
5104511840,435147.38035095745
3448740250,439956.48
4219400290,1383153.9750383503
5152100060,549022.1203552755
3279000460,225108.58727962108
1102001274,1078324.5966938422
1251200155,1089825.3342273545
2025700740,271467.23493448045
3820350050,358146.0835431496
1245000438,762823.30818777
7853230200,460561.270732031
3832200070,258012.79450941033
2926049400,496723.6823444692
1246700251,869942.339128156
6372000155,605307.4816651302
7950300670,336571.5
7518504130,548192.8509574812
9286100200,451893.66670233523
3992700585,451814.5694025001
7234600786,762920.3805891807
5476800069,358106.97149269504
1126059201,1472345.1324687663
9527000090,466725.5022096959
402000115,306480.0924255302
8818400450,966367.9
2475900840,293283.3811461603
1437500015,182754.3989587675
2848700095,417377.25
1529300135,358393.56
2597520090,818242.9090672857
7812801125,243627.61772824277
3343903647,354804.75
1951600250,173019.60258761994
9542840590,262212.84431170416
8081010040,1099497.1026891898
3262301355,1290159.452941522
1861400068,437407.4425446199
3295900490,426098.45
4345000440,247359.0978513765
4219400465,1043737.049918148
3797700030,278673.70310137107
3204300860,755617.7233628884
1930301555,572305.6987882763
8807300130,333577.3756800113
4391600035,240704.67120114545
5021900140,1791804.457841645
2946000590,256096.6351537375
686400210,535088.69
3365900462,279274.1166666667
8682262170,397934.03
7312400325,319124.8899569853
3760100100,414934.8641084856
3579000410,468576.94684056094
1773100755,484087.8668313499
7129300175,299401.9831729226
6303400965,242971.0592614822
1328320440,333975.7108184281
3686900025,229470.79385137474
1221039066,443664.2708447546
7950304095,302353.84366942465
3585900785,894674.25
9455200329,549786.4035921821
629410130,741897.140543843
1994200375,600331.6483211034
6669200370,955133.524217442
7262200150,245356.8135011469
7504010750,611856.2021255987
5253300173,322135.3429029718
3395040200,301969.976614136
322069109,432145.57688816567
4054510270,1084232.4971359419
1710400005,615018.9100509312
8644300170,718325.7111897045
2450000290,1262772.5078263606
6102400166,572789.93581984
1934800087,472547.35389238363
3333000775,293633.8790173667
5393600509,320376.0141403905
621069039,302793.0
3343903611,637401.07
2954400020,1225892.7551317723
7972000010,157616.0
7214810510,454082.2958619739
5561300540,490736.41918141843
2634500070,388415.5633258684
6822100310,715205.6713833928
9201000100,683789.5919183302
1072100085,352470.3076600764
6190701146,419942.43863211095
3277800845,313684.19071329804
112900020,354913.49492865487
1324059048,681041.8486867594
7979900126,388682.87272308744
7199330370,434180.3
6381500720,383998.19834691606
8078550190,290747.97579762933
7853440140,824953.25
6300000396,382536.8025149398
3374500250,378922.73803813005
3343901188,277707.70628319104
6979900010,780152.1747041913
7199340320,582154.6140135541
1112000125,392930.00070293323
9269200150,339386.7732020867
5104510210,308932.4036485964
925059219,620673.7274600235
100600320,203631.50094965883
1789900080,276773.6299112062
2123049142,338445.7492957421
2459900040,643989.48
3902300450,593527.2597036369
7250000065,387200.3575444601
7823700005,262381.48204447696
3750605247,223662.93460869073
2771601730,466148.9925446199
3298600440,414530.4554276112
9141100005,571650.646809415
8682262190,408354.0
9407111250,257073.62
1336800010,1855267.2946778135
2255500060,577554.3696191007
7950302345,318310.81828470796
8658303585,306751.5
9184700600,1243934.7957819907
8068000440,277091.3559370725
1310000130,306153.26815403654
7853221330,778435.0300804332
1222029077,428663.41143479646
8562891100,353447.3253229882
2517000260,383584.77261398785
2225300149,337902.81117194553
8651410330,187751.0
2413910050,663868.1717475957
9407100720,292239.9712134804
2112700920,323005.7129686619
3761700251,668641.232730842
1036400100,723317.9887263927
3585300365,711226.6656488803
8562750060,876730.4349357395
2719100042,476253.72699729697
952007055,435322.775563616
925049318,579555.6249158485
7203220260,1022960.521685456
9320990140,316729.2202542087
8567450140,538155.6003175847
5379800810,174135.8676176893
7784000100,545751.6843750265
3992700475,403238.8875097565
7905380280,410026.6455473866
943100683,411776.8200941287
8029770470,494117.06133621396
2818600060,976338.6472180667
1226039124,410190.6986025329
726049184,274032.50084027206
795001930,232761.79250799355
339350150,769252.5246311013
1332700270,301856.5
7548300170,616814.5354122837
6141100330,392702.04
647100096,866980.02
6744700423,538341.770495906
2895800750,271706.73392742284
4046600220,410130.1115359337
8809200070,386616.51696570375
293700110,876929.8468038025
4178500440,254150.17828514325
4358700164,271052.84912540915
9197100263,262952.70862572687
2426039313,316869.52253733034
9468200163,624918.5261082859
475000190,508339.5075545314
7504180170,444812.15804777876
4036800170,475200.47
2561330040,450022.35743062367
4123400340,515454.5737953372
524069115,833337.5177453218
4047200850,343413.80416174105
8651440230,236085.14518308625
3905030140,563369.0608561145
510000641,640055.7076779705
8663370020,402197.61654239806
2883200760,676673.82
1980200384,730566.3
9468200140,487822.94539000513
1796370150,257004.4087836056
9238900085,576169.6506323058
9191201325,586049.4822482585
2538400060,902155.9012453279
3758900037,1079708.6527510793
2472920800,391371.4588808297
321030150,314303.9894259385
2571910100,297060.381202597
1423910670,292578.45
1118500030,828844.4555070732
1939000010,654962.014424298
1776460190,489441.88114087656
7504400290,647432.7102731137
3448700070,429323.40888082964
7518501025,554314.5149158485
923059252,440068.9859959699
1431700210,251288.61362948682
8635760480,579177.4652578962
9175600025,3098729.0142460507
7922720250,510498.9232163301
8944360390,470913.04153516685
8948500065,238372.19392284914
8669160310,275756.94587213005
6117502745,542446.6285551866
1789800020,380616.6290359132
226039186,298514.19184221764
6457000080,241763.4502158243
9557300080,516539.648380505
8562790480,634528.6879670962
6430500008,492886.7904382372
1604590230,713310.592799144
9542850290,760984.848167939
7831800395,270974.17368638533
3317500030,1117502.6277288627
624101110,821242.0
3654200039,385762.66
7856000150,730429.2795531468
4338800685,246206.27735484042
3211230300,399837.72275592893
3904910650,566670.6
3598600088,278965.58156595734
3796000400,391780.01373569295
7972601280,444021.3887445541
1450300050,276673.8529793123
7504050090,731054.9590672856
9202650130,567211.3608561145
2419600075,365397.5955762397
1224049005,985519.7081059179
7129303240,335231.5218247223
1922059135,202802.86622968785
7852020250,693258.107832905
4139910180,1544072.431506092
4222300040,265435.0675951025
1024069027,924147.9550194113
8944600620,518616.3393623869
5040800060,900802.9151603155
1036400200,650280.0359372403
7899800915,210716.2225488697
3325069025,516585.2471121872
9408300310,622899.0
1773100604,349088.0867511239
5451100490,1850475.8045471457
9536602080,184423.65
9828702055,393456.3440933331
3362401758,478677.1049230317
476000333,468971.2890152255
4364700730,400455.35074426053
5559200020,230552.85775122658
7522600110,249286.2892759931
104510440,232726.43847892326
8820901275,521262.19
3298700125,262492.2147347492
323089172,423338.0754478994
5364200477,589015.0
2222900082,366809.22300679574
6641800020,560727.2008719349
9358001422,301739.95110130263
3438501150,279904.7430926913
2206500430,497951.28614873224
9272201318,551527.5602516596
585000095,676241.8196016029
7708210050,503864.200551119
9407000840,294787.03684145625
4027701265,484124.5339360998
8644210050,780144.2905110073
8656800020,387391.1450259012
3329520170,210830.37701741644
5104520720,316185.5581437131
3806000005,177063.25516998925
2330000015,770214.2671886659
1447600410,270968.3712820302
8641500252,421306.6064952114
6084600420,278485.21211561275
441000115,464501.59175549686
2597490030,780769.73
650000030,779655.0115149296
3585210200,418448.23
5416501030,411201.6687983044
5406500170,663584.6184522896
2916200065,432872.87532588956
3330501975,492960.8478445043
1774220070,597600.0096332446
8731730710,211725.79975910892
7861500150,2391088.9791396977
1402630190,383353.8026679244
9117000230,301879.93
7133300380,762496.6076061553
4232400470,699060.8694781873
1773100972,323611.9411013026
9413400165,255744.91076136762
7658600025,473414.7770382411
6909700040,1032435.0474993973
1402900380,294197.3974386066
6625910100,511576.5141910076
3204900010,587345.4576055354
5162100820,309419.4906459763
5560000480,167187.2342542866
1704900303,509957.12480586185
8084900170,1706391.5938418913
2887700091,711238.4003705467
4331400190,292785.78735589166
3762900130,380826.5548387292
52000067,640928.2425245186
5430300120,1204270.681827408
8956000460,601546.9729622646
8856950310,256883.79035518304
3364900156,377048.11068214866
9310300211,327694.02722858806
6448000020,1449245.196511687
123039570,412003.6733867903
7600065,511417.98
3123039171,433999.2718413143
8964800445,1437323.2522893418
7857000732,391689.68154729664
7525410090,621823.6074812474
9541600350,711432.6541803933
3186600515,737782.385774737
4123820450,342205.1248110304
2505500030,1185231.320581241
1541700240,331765.79577375215
6629300120,325227.748194468
7399800150,455037.9191312292
9517200180,354196.99594364973
1313300340,509677.29153988557
7967650010,402882.3060091878
8807810090,397654.1610802803
8815400670,780909.3148880377
2310030500,259544.44592063545
2241700075,316328.82181322435
2287400030,318660.3534392334
2827100075,292010.6811718175
1310700390,316282.26442504895
5498100010,437998.37134092615
723000114,1361301.476292802
6431000987,479379.860228285
3356407665,219073.01188875287
7852110050,558479.25
8677900123,445082.74138336227
1917300260,220002.4083086271
3396800280,565466.3992526964
8691420050,806596.54
9368700006,318379.45204299694
339600290,362244.4488167903
1592000250,583823.4372095888
1471701780,362838.1245550813
8928100205,588428.8893742332
5029450100,215964.01710815504
5493110080,2424820.6655956907
7883603750,280872.5446831525
1732800175,963901.6914173453
1518000290,331329.2160498586
8604900017,564620.137639984
5379805160,338740.8076546412
1254200835,607608.5408732997
3179100482,450329.00187574053
3313600266,209029.50951821782
976000879,678116.7291961835
8819900220,618569.2395982898
2130701535,333658.53
1176001124,581272.54
7893805650,408906.39
3885806840,852399.0166026577
3625600190,1220651.211836967
8562790150,804172.0242098182
7348200115,218197.37323340084
955000453,452530.51089693257
6817810310,425148.0040322569
4040400340,461331.13230653503
1644500050,692237.5839560805
8029500100,325488.6907360928
5244801230,759552.3398399549
1115100119,366895.3947536915
9542400010,722796.87948028
423059387,609950.1982067375
4023500990,336527.03423806437
7899800857,262055.0
2976800796,226083.3929875408
1074100020,354406.44031564804
446000010,653745.1107080808
7942601200,477722.96395443217
3575305495,828385.4450194113
8691310040,785203.8777181624
6117500430,681699.4617135734
3924500130,500271.87650192104
2028701075,496026.7
4330600360,263338.8659318098
1324079082,446334.49186210555
9268200484,690801.887890277
9828701605,577194.2688617809
7518506715,972565.3537764146
5315100277,1282094.468652242
3942900115,326917.6320862683
1561930020,492281.00820673746
9510970090,642492.1764811323
6163900821,340521.5873444283
9510300220,544077.55
3869900146,335332.33758424525
9262800208,739397.4326280009
2522029039,743909.9768931478
6865200095,681333.5197346455
3782760040,496153.46435650624
4237901250,632765.3055267729
2891000610,215581.85038918667
2749600095,507307.27254461986
5422810010,351567.7804759026
3629980350,752981.8
2459500070,300023.0
5113400364,687047.7413493156
7533800885,776883.517368657
629410190,748092.5466666665
8651431100,187059.4
7960100050,583618.7671753914
1842200040,471147.3881939485
425200205,244401.90927204918
9477201470,372717.21534666436
7905200365,467823.5
6381500635,337986.9153100042
6052400175,369709.2191790747
1236300268,502446.0212521696
6072800265,1677248.5819313587
3423049311,233048.2704500656
3755100540,392806.0
7852150120,395994.97295533464
4180300050,405994.8078749649
7625701935,341098.4
7132300550,367614.1783423596
3025059093,3109759.165595691
8161000220,485970.0446325098
7852011020,557997.9357549903
2599200160,355254.45636638167
5536500020,547528.693671649
2095600150,262180.9165379045
8910500226,356081.318491549
1681400010,778936.8505291602
1424069110,733264.326115383
5127001620,325165.72140870115
7940710070,395101.88
2413300980,284301.89256463596
7853400250,609440.5
9542801310,276751.7150949251
1890000169,538448.7918786964
2720000120,297209.74083647266
9424400105,532981.2982038689
7888780090,284918.14
3501100280,349329.3940465367
3905100220,476355.57384505565
723000150,909427.879191837
8691310980,744660.5006211054
2297400250,464446.83306028426
2892600056,241503.28784475333
5273200080,547725.5986478992
5145100460,449482.5
5561401260,612652.0656503749
7732650040,892764.5227263089
7504101280,874191.0022436901
8581400345,291809.4916221891
7129302800,588417.3468078441
9551201560,595893.8898962262
1546600020,667461.8156952466
2648000071,225914.5299419582
3339900640,213772.76543795638
7853301240,455802.0
943100262,327710.24649797636
7202430150,892710.9326300137
3558000120,346739.89816216746
3890600150,460966.1005350123
7452500315,275060.20202358306
7173700591,653716.0341352505
438000015,707446.8685632182
928000020,403989.5293097098
3830700010,384021.38826323004
3845100640,405366.67480792
6675500112,340808.85612371465
1773100920,320952.89
9485940330,412625.78267754236
5561000600,485805.4027152525
1786830090,577975.8313001613
2011000020,237767.34715812458
8024200681,419617.3356412237
5452301810,1640551.4138614219
5515600075,310253.0978082793
357000135,1311765.9539347591
2541100010,585039.2766026577
1090000036,850523.8295969883
3459100300,410802.81485340366
2450000295,1168776.5911136935
162500015,394165.62507762713
2592210290,808436.1719836018
5101405265,563543.226537681
1122069019,701182.2977030107
7501000220,867597.3865668089
1310900140,323581.48
3298700941,251758.36234880608
1972200382,416051.8884199446
5100402764,508775.5
2623069069,647104.38
6372000280,562465.0469647929
4305600240,479153.98682163475
2767602094,575236.1584091843
2500600289,145058.4
7203160090,821952.6
3521069146,573000.7921338427
824059321,1661688.837574766
9348700610,806991.5510876861
7228501745,501130.7139355667
6021503656,428387.15
5437400630,581244.9511445928
2207100740,434281.17345550633
7202000220,432716.93333333335
629811340,693318.1678945433
1324079029,336287.16982869024
418000010,198142.92109893798
6303400290,212582.43054782302
4139910030,1312240.587925924
3023039066,416472.307554794
8698600395,195985.20342014424
2799800710,315264.59
7351200050,680635.4035593988
8564860270,462856.39
2591830020,383325.4160091879
4139420430,1372106.3185329502
9828201725,490127.4304889217
2420069604,1257922.1075164822
7224000315,208152.64748500419
3861470120,2092299.5310031306
3222069151,309441.39686621254
3869900155,394433.26669084805
123039346,314592.46317823906
305010050,657509.845611045
2141340040,706701.5237074144
7504021310,710941.8374235227
2436700315,547581.8649357184
8732750100,392408.63233118976
3298201290,348548.48443865834
9241900150,1221832.3611444545
1180005220,225044.1768044205
5540000050,306359.4261565724
9211520400,253220.18473955189
2623029078,479682.4127949458
7132300695,404248.87864050874
6430500219,466705.7326843231
6084200100,389521.5
7140200280,255419.71725145372
3904910610,599342.1835169876
7625701900,498847.181320813
9432900560,324475.49737222923
1388600110,243728.76575209197
9126101201,355615.27576377155
4224100030,382015.5689066138
1109000390,565718.28328637
3336000296,268602.75782387966
7504100590,745075.81
2025701060,277721.53
7527410080,647481.2688929674
7304301045,254848.37533157598
2591840050,422180.0
2767602490,433556.40692230535
5494000040,1103326.0193186202
2473251090,288536.6743075601
3825500080,472420.2853574452
2309710150,328538.2204759026
8901001335,660851.5
1781500435,338637.1341857568
8835220200,323061.1531188989
4037500335,522503.16070655547
1338300180,1969954.4274004423
7968000120,277810.4440460861
686050100,912470.171337544
1180008315,229586.61734863056
1657300280,431281.81865108875
7856600170,636895.4322819341
4154303125,550829.69
3295730050,627069.5745632019
1777500090,743514.78
203600470,603910.1668102351
6673050020,374396.9603330222
8731980680,270735.37
2273600260,518948.00221952976
1000102,291281.97532902454
4197400005,477342.4495729062
3378100100,270073.6129490005
7856620210,802966.2894928845
9275700765,919919.2691435149
1246700136,478453.0
4239400740,173310.50801538772
3306300630,191880.2
2524049056,1752904.4824661647
2023049245,253029.42426937245
3210400340,265067.41427091585
2621760350,291076.27802586096
526059183,438096.6294385593
8078460050,648434.4618753125
7504110050,668522.7798374981
3876312840,424277.59834270924
9268850350,299926.42
8085400490,1178116.5316607524
2722059185,521170.08927428065
3644100101,359969.6905210293
1321700030,1173436.6518389164
5608000630,1298203.953190199
825059349,1406985.74
6083000071,221138.0537215418
9164100105,533955.3547878044
1425059145,485816.4515172259
5210200184,550206.4297327164
9477201370,435487.0693097098
2927600630,816391.8385345185
2619920170,786613.9
1560930450,572179.4582756995
2896000510,580688.7278928284
3034200067,620878.1302232725
4025300360,359120.4879190898
3362401295,535186.3613611026
2391600555,429503.96488617524
7550801170,525459.0504830132
5347200175,292011.0
8910500471,426928.7937320484
7199340560,475475.7737948839
9266700175,357675.8130449666
808300270,458373.10015790997
2487200875,530403.201717503
8728100781,318140.12600857427
5379804888,266935.095
6619510060,439047.8581576095
5416500680,405870.67950707325
1862400087,509312.15833333327
2126049277,425722.66018862894
4137000070,305547.63399340695
8081500060,2174731.6310031307
686800065,1042226.4052330871
5561100180,560369.569190137
798000342,303688.634659557
5603700095,627165.608696153
7151700585,1487172.444818347
8129700565,663960.2089786852
2782100260,658253.4790254576
7011201106,373498.8598111442
2423069084,548026.7215439607
8141300300,344188.6729709597
6601200040,1274422.2922738031
290200230,685759.2412189511
1423900220,245212.6406939437
7303200450,238522.01921469002
3755100220,390017.0
796000235,222971.67643109924
7237501040,1116375.8904359082
7203220400,848716.3
9285800275,1719460.4682979702
2061100435,526689.936609415
6414100025,655787.2288574205
5317100750,2406872.149884263
6145601000,437799.1
5634500775,527959.1439938835
7375300160,613621.726653637
9558050360,500474.09622235433
4151800420,580493.0302586999
3751600146,211781.27142902487
5302400080,617659.445985955
357000005,752613.4079410823
7283900306,454803.04861275473
3738900105,326420.6481638236
6822100305,583190.3597081318
7436000205,500961.97663054033
3295730040,603959.3245632019
1526300015,426395.3508430898
3294700101,230939.7618187337
8864000970,222535.4868652984
5469502700,1407427.4813977631
8078520310,260837.95766818998
6154900130,312608.0515948607
8945200830,207648.1092542866
1085623630,421306.0635366587
4013800131,234541.67137889794
2287000010,757392.0831278288
546000930,668788.9149566756
4051100390,223380.78018768984
7203100120,695569.3244577907
7523850150,304760.7049404793
3826000665,323757.08677518513
1311800560,217731.21
2877102180,483992.6199911381
3221059044,804372.313119535
9169600110,497630.4734920591
9510920040,723073.7600973146
8813400155,1063401.7427110835
3896100130,970567.7665116871
2568200740,753799.5455075812
1217000340,328319.38085346157
6430500086,471155.66
5634500234,496931.883373875
825049073,531640.1093300763
2391601445,1069434.64
7881500330,408199.7532671411
1721801591,138372.1905976962
2473390710,303536.8432661002
5634500891,349638.6888289842
5515600163,492558.6490015303
2560805630,246060.67832340993
8078350280,612668.5524236098
9477201060,375417.8553466643
8827901350,705598.4857225117
3560800040,415075.1275591002
3034200370,527821.3168156004
1328300040,351092.82033302216
2483200010,618336.960651076
6071800480,442481.5199445762
6200017,251089.54
8149600065,867543.1661031912
3362400615,516523.59098156256
7518502945,586291.3704755742
8001210120,284906.5610237958
8682280340,437133.94849211676
3623500408,1896389.581931359
3764650070,491864.41
7937600380,421248.2484849016
923000580,650819.0
217500005,425094.19302056165
5419800510,258163.6657169816
8562901250,530106.3766822371
2212200100,309176.84
2310100240,372208.86051708786
8582010240,628577.5837649223
8651410670,186412.95
3330501645,303120.9330505815
8113101232,365501.6101409197
7849202190,328078.4861755952
1864700300,314613.6920735639
5231000060,294659.7782417282
1565900070,230782.3825572681
7555220140,746782.1347373138
7518505160,568838.2743974348
3322049005,928607.6422720962
808300550,416911.06614912406
66000265,346977.9988478909
2880100675,412381.18692226865
1524079156,433537.6380828838
3625700010,1643325.332180367
3259400024,350141.3327844721
3205000310,385977.12910331413
807800190,270936.24
2783600210,463629.64720047294
9290870040,829939.1853416678
2561360120,428973.6741265876
8857100180,430003.4187819485
4388000070,232396.5860799932
3860900003,1091941.3046630814
1176001119,585461.0
6084600330,241111.3628833298
7985000100,234561.1700512595
8026200080,357919.1603632178
3210600010,704336.816989549
7558300170,540942.624694196
7852180340,445471.0414640619
524069011,586559.6016736997
3361401011,146404.80516998924
6117502455,258317.35407118424
5602000025,216676.6122587032
4142450490,304582.0581437131
5306100255,386179.83
1795900120,593696.25
1193000280,820803.705362072
9238480120,551041.1450610532
3630200780,908409.215029749
1250201130,451551.583650672
7796000095,1024399.9384907405
8635760040,485745.49678918323
9476700135,267717.2411907119
5249804510,486219.17684104847
40000553,222570.5671028759
3204300625,797051.8692465237
2596400050,396379.6139348488
2724069103,388940.6650535085
3744000040,466107.7214679055
7525100590,376386.7960861256
3705900292,409389.2476600765
6169900790,2323918.131191382
8127700735,1190259.5989421986
3761700067,1282900.84
6065300570,826307.7114530839
4022902050,478737.9782241755
3886902590,603565.7343818881
4107100190,1730968.6449827054
2909300150,676626.9170443651
384000135,422860.67412658763
1005000036,375710.8473622935
8856970530,328083.0581437131
3448900320,574459.8503432096
6713700100,397432.5464222128
2260300060,2255996.7729022745
7273100026,676072.1095956558
1277000020,831849.775072994
2620069113,303429.735327469
4166800080,328983.6420554083
8731902680,253487.02
2599200830,210818.60774590337
7569500010,722924.4471373375
1825069031,608878.5548460602
4443801495,637451.8135338126
7805450110,760410.7614815375
3345700207,633640.2874590096
1560920450,806714.9506327064
3629950010,450619.0
3782100035,257229.20901434927
5561400340,819357.2835425582
1898310110,249795.35
2122039094,605370.1983972117
631000040,588999.4010782551
293000145,392541.81893703935
8121100015,378109.51
3205200430,401188.5
2475900565,341860.2063539092
1651500040,2028372.2686716465
3955900500,420405.39
7907600100,258049.12167294536
3123039136,349109.15722141735
3972900735,296905.41
1424059130,492077.85466992244
6792200282,250390.1699743771
910000104,288850.1905021406
3751600784,311618.48184900486
946000295,463486.2851655441
7749500070,328251.45043019013
255550070,340784.23927340255
5151600340,279645.55985117814
5415300060,619216.2605281216
287000110,518281.8378727856
7585000110,205679.0
8121200460,522686.43
6891100090,907267.354557901
7575600100,283787.1799283221
4240400140,588969.7080958232
4046500510,373762.1084921168
2944010240,1044817.8151317723
3449820380,529495.5193804186
7203102140,288306.5584921168
8665900291,536583.8987535578
1775930010,425288.3745499851
1118001631,1408891.252777818
8911000445,341707.85977231676
117000100,633228.63
9284800085,450329.5382801555
2795000080,481071.1055122886
123039207,366872.75067251193
1312200080,232459.68403908014
1236300290,1149765.700725704
7549800168,459411.4242443206
6891100260,876921.9588992003
6072000910,536572.5474240382
3226049184,379396.0711606344
1442880320,489221.0
23500190,578305.782897208
6021502070,503896.5613172596
4168000110,191831.67457984053
792000006,185123.69708334477
9558200210,245970.77376740795
3840700757,642971.0
3876311650,610409.7527053445
1328320800,338323.69915146596
5006000170,248633.26203037554
7575600430,260442.58637215008
7686202580,199400.68165451416
2524069097,2399994.899178002
4292300024,356757.2333507721
2726049071,389823.7957441556
3526039019,772335.119458118
3300701365,458931.69
1274500170,204543.1797591089
7282300095,287460.019924114
8562740440,729121.2066795747
3761100045,2473515.8897747607
2877104265,808077.6422313664
7940710100,505986.00204029353
6071000030,825973.9353622657
6448000100,1493991.686043764
2923500230,2662633.2930821003
6751300375,503366.37
7214810350,459008.02126377204
1088800470,574960.9881552507
7129300420,255208.70707740673
6149700405,291655.7511073639
9521100855,509711.455438677
1861400116,814449.1998048297
2787460720,212107.77337084807
6073240060,728827.6217765094
291310100,406272.1090637911
1247100035,1052882.4936570495
2626069030,1985435.9520204163
1326059085,545794.9327201018
6447300265,3270624.831191382
8651401270,190145.60809545527
3524039209,801978.7638295714
3226069049,1205491.700113002
7548300425,430506.7976838672
1438000360,482262.1863533251
1777600900,724096.9754792574
5244800695,550036.4196782659
3387900390,247295.34244817353
1954700615,1089069.5722193918
1026049036,352424.4963889359
1683500180,233662.83906515982
1939130420,648648.6172055029
2021200530,1194373.518664581
993002325,424192.91862546414
2780900220,269745.0884551716
2540800390,456811.1041964211
2919700540,687454.4455769332
2787250090,568668.9272545256
8651442520,2282974.2367281513
100600860,191639.0
1437580480,942242.675328616
3886902505,663841.3268692713
173000140,428028.07751069946
5151800045,496780.7438008341
3010300240,527235.0477687939
2085200261,327050.16904911824
1839500065,272012.22847184783
1049010300,397967.59484260215
1328340540,323608.0
8887001625,477825.2663454924
5332200320,718791.6097344017
7137960030,273970.6746624173
5468780250,333973.372564636
2436200715,606427.5617758629
5137800030,309206.93
1068000520,1298425.5671919843
5379805121,391433.9364374017
7445000105,438667.7018090563
7942601895,757639.2897103555
1727850350,1060400.6070478742
9407150310,308694.08983156754
5569620550,734262.21818777
3179100480,513317.1736826386
3624039111,276577.22152970615
7844200050,324322.070230723
3304040020,383886.696978606
7739100155,645544.9033456828
6099400053,208918.7927591053
7468900270,188922.72284073994
396100025,365979.23435782595
1160000255,388885.8150195129
6300000320,361678.5316444359
6392000570,393431.9901506815
7387500235,351866.4
1121000058,463134.6404528033
9828702120,582822.9149158485
7715800310,482960.36667412735
8562740370,742427.27
5637500070,437191.34339453914
5561400470,611290.7789282745
1189000205,419393.5967543557
2412100025,421911.0617592579
1073100065,328977.7359436497
5160300020,540597.1863524824
2770601677,524070.91166330955
5104450070,424550.63133396226
820079043,413039.40121451655
751000190,375130.69033183204
1823049179,374292.6741227983
7430200060,1258616.3169803983
3331000035,466060.6315964607
1775910370,554662.031815645
3626039299,520819.76
1546600125,679340.7942717476
3260810150,336322.64789160824
6817800330,327600.42051093257
414100045,394584.3283186871
1326039061,371604.2
4055700030,967677.55
1225069038,5023724.337475692
2296700260,446039.69758777897
2822049160,220443.82288362668
3395300260,510611.83740078093
5144000036,347290.8879084717
809002290,786013.2049394336
7334501410,328076.7331114336
421049114,171155.1
2623069010,932620.9639965291
1133000144,568914.0
705710290,338490.66474680876
7313200120,637531.64
1269200150,282015.6066010153
9264930970,319394.79487628565
6819100020,1878407.5995370534
5112800421,280007.6212167313
7846700850,270034.34482106584
7227501450,249074.75161133378
5451210150,867341.0671419394
4140900140,443213.7718278111
3537900180,857301.6406033752
7738500475,480150.2083011109
3541600450,394484.0602379816
5379800040,304740.9689638705
6664900330,269583.15424003504
6056100312,388319.07653428224
7766200013,650520.0063426293
8651720470,455053.71306028427
5690500095,815156.5
5423010180,838264.8093802205
3204300610,508691.04
3425059066,572157.5790614119
7856660130,1171391.9
2954400520,1221184.841708986
2327000110,862398.8094937337
9526600340,691918.6198735907
7695500200,380382.88742247614
7237501180,1233221.6130508848
2008000550,266519.2142430864
1123059126,496092.5
1775500371,767516.5088039702
3459900230,1757725.6003964462
2619950310,483743.64169919456
1771100330,372010.92746392713
1321059097,400148.436924902
2420069278,261974.43943235173
3832050570,303967.0781058086
7132300525,503054.115813331
8691410700,734019.05
7967000150,350768.40417508525
1328300810,354796.25863759825
711000110,1384258.0
9485951460,419165.5867891998
1771000970,344138.88
2817100900,267366.5089813704
6817800630,344182.0
3558900450,496171.6266026577
7215400770,387531.4826670494
4222000320,215465.36333333337
2791500270,273694.64
424069018,779609.6749059652
9547205180,677210.5
5631500947,548215.1841937256
1425059193,1164240.0638907866
567000775,483131.36411968875
3904900610,498577.2228051323
3649100346,441269.6223766151
1624049228,484101.818407773
1559900080,376205.0455762397
2919702040,645466.3055008542
4013800206,212118.1861581371
1025039292,1209433.9749440053
2771604640,763511.7340608052
7203600550,245180.0342392828
1545802830,264101.5977207563
3303910010,512764.3166917654
8617000060,865126.3709628372
7889600190,249446.92335673037
3325069064,547115.572133272
6300000337,539355.4548963128
1172000150,308443.407888696
3348401319,359483.8731336111
4188000490,920393.8078515009
7779200355,564305.0643189402
8029900110,444406.9836184446
4060000290,213174.21
9475710040,389471.5
798000535,247841.47716009116
6415100410,425728.2449677776
4299700095,311238.61193620606
6117500955,406167.97391337046
2421039075,216764.78782081968
3362401935,547667.21
1545800205,273634.7935814827
7645900235,2710633.34648655
4141000060,1154235.680395863
9485800050,660339.055339478
2436700280,751595.626990585
7335400400,222974.46710081495
9294300495,833089.1691510966
6649300190,413428.55846311746
7950303270,331753.0717162367
2391601010,467925.16488617525
8129700728,608952.5268514769
7871500685,588412.5294365076
1498304065,574114.3673461963
3862710010,428599.49
9209900335,531907.2705113278
952006857,364446.92044979124
2322069168,524759.1579791293
1775801090,422472.69127849356
5700002165,556569.0
4029400080,405454.5093097098
7796100080,838183.067793679
9279700150,1764252.864734385
3876200060,439935.89772750123
2934800025,373263.90176730236
9359100101,1151501.952673071
3330500335,288297.82053348585
4027700466,407304.2700520209
3204800430,443796.9556833617
5415350770,677102.2106640073
1443550020,506833.34981708624
2810600022,358407.511127232
1238500281,471302.8669536791
2591020140,480522.519758059
7137900960,243699.29223318846
1328340630,286482.3050234074
3529200190,339979.24575275765
1624049291,931364.4009132934
4083301120,639598.3041625916
1873100060,718382.1161705035
1773101159,298456.9573526066
7214700350,503566.1265210148
3856902250,591556.485718561
7169500130,521433.8812284879
4038300010,400145.00211334386
9578500810,434522.16
3345100184,389671.0928585732
452001860,489641.89346238895
7905200037,550318.3658956159
9376301110,489670.3135074076
873900240,295066.75
8682262400,414845.5
7227500910,193110.221098938
2392100090,509679.3720993309
3221079050,417429.63627610134
4307320280,388385.5796414116
3211270170,553974.1147041484
726059483,683120.3176055354
424049043,1382571.2897685268
6865200140,646309.9249286323
1155640050,426130.2327782654
4139430250,1251462.2071680827
818500100,204191.31996964573
7999600180,197683.15539259193
4099501215,906489.4891187325
4046700140,348698.215821058
8857600490,207745.43600128795
8677900120,479822.25406233
5379805253,206121.84002597615
9211510410,223387.44218484111
2337000150,286095.12059505674
1423049029,272413.4033333334
4036800580,470341.43623897614
3942900010,346421.5272666766
3438502715,369179.39805749315
7625702441,390211.5
3905100610,499380.2740884649
2218000335,496648.28600701824
3034200516,412564.23025132687
8024200625,418636.1
8564500020,341048.3740613703
9550202700,482512.5
7518508625,592886.206691873
1822350070,387140.6402972816
8921000040,835113.7861790969
6648150090,1575073.363998044
2402100675,636141.0489776522
42000127,312484.46849088697
5100401160,462312.88823623006
7347600507,243685.56143180418
1839910300,343788.9233116111
1250201550,783733.7673686568
9460000010,299622.77058533614
3356402232,215047.7884981547
6819100150,648023.6215107059
8645501330,269116.35649054596
1556200005,878864.23
40000228,170598.72052345594
7300410010,366577.374546944
4299000030,377914.9304731552
2629600016,543312.7734850867
662310900,374211.3853945242
1909600046,497424.7
7893207490,238561.71908581548
2524049318,1796548.4726836307
924069210,735437.5504361392
1591600527,390317.8706725119
98000060,1426904.193025328
6392002020,665444.4946515588
2719100400,449581.55
8018600655,415916.32241335744
2141500020,431906.4613339622
3277801580,478250.5074066752
7237500110,1131654.2302091
626100023,621330.149903913
4319200820,343914.11896728247
1422029138,501913.91333830357
9517200610,348240.4868953179
7334600280,311457.1389425228
8820902400,528752.2314989705
8944600060,526671.0704761905
100100050,336907.66444298154
8074200100,257370.3906939437
1836980240,814689.7128362388
6648500440,308185.3074993862
9530100225,627315.3452471453
2883200875,667140.224787983
4218400175,1068319.7196841664
1022069183,599483.6055640471
6398000171,512802.0584521224
5021900160,705609.9909906657
8078410250,539303.4
7972602490,339190.9533659093
1962200435,774940.8844627327
7221400285,232616.70977948673
273900030,243267.80999394663
2708450020,525371.7369124338
4083306616,419713.7978798986
3034200435,567474.1901969906
7855000550,1280619.9220679966
871000155,618776.3965182833
8024201714,548770.9058658096
2625069038,1317162.845819954
2324800350,853217.4087311635
5450900010,1364233.5310031306
1822039225,585346.1712440194
2460700700,302871.29787649564
6679001060,317209.2162874262
2422059111,358294.69614228077
1250200345,320243.07090452814
5589300370,330793.6000299278
2021201000,1420640.0965116872
4302200336,260149.1279649367
1328330290,328280.83641363605
3438500781,385673.31828015554
5453700020,832283.465026412
123039147,464944.1
8691310070,890924.3528224188
6450303785,341255.33074599295
114100234,450318.4212461965
9212900820,506176.6262251728
4270600025,325047.520230723
7201600190,501951.5633366686
521049227,1129950.285543145
6300500479,399444.66822531424
1432600100,207463.25630362108
1024000109,376022.22
1430800100,329089.91833969066
9164100125,601528.5860363663
1925069183,450030.811186676
7852160080,944216.9531274867
5317100780,1341282.05
4083304835,576092.1355651648
9478400080,795438.8145748669
4463400195,222392.59557128395
4232901525,543040.1415753973
3845101070,22301007.07
1843130980,299748.40818518633
3810000480,293081.9492830194
7137960440,290669.6950329647
1231001115,389581.7553103991
5101405340,504721.5
3723800409,638537.0245732184
8651430370,194040.76
6135300010,257169.44584903028
23520380,509654.85
2935400100,517392.5582267378
6137500320,916702.0562932732
7841300230,344677.1333333333
3521069051,439918.3146653201
2621400080,303771.9887054743
5104530240,275761.72871779196
2022069200,454297.91723682836
5469501850,420160.80588785186
9206950110,333538.99
3298300210,361494.0
2810600015,396895.58809903025
7298050090,503110.0
7202290620,452123.92135883676
3211290370,435531.11913930706
1591600506,412348.9692196152
2827100070,313026.8176651805
2482410130,373953.51607675495
4364200125,433221.0509323413
6388910730,568994.3794271849
7436500120,507691.91592868953
1822059156,653378.1345423968
9432750190,456408.61035527603
2205700405,433508.6016856879
6056111370,325893.7242228751
3205500160,411731.71867631713
6139100076,365592.7745683296
723069135,437196.36023916
4123830070,330139.87896074064
2472920740,450839.94014538586
6134500220,648252.8388054859
2734100395,291410.3086396999
3574800090,450738.7666901812
3126049107,543681.97
669000210,948172.2152730298
1139000620,307089.4607974303
3825311190,721035.6707621431
7300400320,384897.3604759026
9407150250,306157.0138290329
3679400503,302100.46022077656
641900050,477292.47
9169100130,596867.8624723373
8091800140,352562.47547267156
9547201155,529136.6333286182
4154302045,312520.9866240253
6638900265,742876.1030571698
1423069063,448470.0451359909
3335000025,466155.04912852356
9269200650,270312.86407798476
1781500180,341934.9784073608
9211500520,219186.67067148094
1853080150,887313.8183605869
2767704756,480092.2332966764
2206700295,438735.3252762106
2557000380,275814.57
11520200,783761.6627537906
3832710680,253861.44836910258
2569500210,326277.0365867626
5230300210,268552.5
6447300225,1336005.35
5035300325,1099736.4786809168
7853301660,749902.6
5411800250,355557.6375266918
7203210170,729665.4122995011
4302200415,301425.08452111663
7942100290,223843.50444227093
3629860160,813698.96
1423069076,581248.0
525049085,601349.4296238844
3306200230,229819.3334446078
2193310300,443651.8026831837
7978800621,251083.85976448498
4027700632,444102.9167843704
1761100190,227064.77734789895
2749600245,580221.451752535
322069141,477905.40895180905
1900000035,180934.80857456208
3361400190,206813.5750910281
1604602050,474186.08653428225
9421500160,445150.73159673857
7788400180,319390.3560320752
1566100625,478839.7788384227
3861500340,244983.48392920542
2524069072,360733.43848228
3013300980,460400.8906626429
4191500130,626676.55
9407150130,304080.0041904635
3904902500,709481.3295266064
9510900140,240698.69187329974
3368900084,327829.4539330513
3432501415,284897.9018139409
4254000540,510976.66725452564
2767603250,557247.7439689101
2923501130,657949.2779214405
9183703045,280194.54
5279100675,314315.164915974
3905080310,533446.1870235502
2461900375,737094.1604203382
3346300356,645902.1083521233
1865000110,382151.40579435736
9264930400,304828.3548284953
3447000100,630065.4170157925
2313900510,465406.42880890804
7518507330,597992.6093742332
9368700270,239768.7285527792
1137400420,387035.82111495937
2023069054,334145.28481415863
2141320230,597321.1483390286
9536601295,365522.8634835744
2424400130,393784.82365365356
5210200081,482593.62661901326
4443800785,587660.2860363662
7292700005,721325.7533868605
9834201205,304416.29547151097
3275800050,256720.88205135002
6926700654,633981.4416633096
7511000140,1485967.7487100365
6821101895,641930.7041705329
8964800695,1139035.8474242578
6821100195,600064.8211293194
1226059105,624450.9060741335
2806300070,1205765.7825054484
1720069029,362618.6032199253
6384300020,442254.6364598896
8928100125,647157.4763395601
8562770720,563837.8988444009
8650300130,865344.1725567764
2126059172,438131.3142604169
8812401450,799305.1528380571
6646200280,648961.7969105155
4021100045,499508.95975300355
1155620190,417261.88827461225
6061000010,399527.6040427478
3362400472,370218.62396028475
9558020240,493460.70650821796
7309100270,544518.6755855427
7137950210,331065.4742049427
7849200635,249213.1441700163
1311200460,261317.15371225518
284000095,844362.5558198398
1509700050,315323.1163243349
3438503014,301446.6906528722
9406450090,375409.5903527106
5096300140,410331.13847482315
8923600020,1441964.6783153617
809001070,744059.878910849
2291400342,316993.0
644210020,1051866.2550236187
6700390090,252489.3681724262
5631500285,693516.1160741335
104560120,279814.4858793922
6413100311,363688.2303987151
2558700090,430198.55011335877
1471590060,735542.9971224224
8914100170,619216.1470307249
5652601035,459812.51787047356
7852120140,717099.5
6163900952,375140.601954225
5215200050,1012888.6111233506
6352600490,789900.5129042
3912000020,586437.7079534825
8830400135,241036.62652561817
5467500040,415720.15543934255
9406570300,424536.35430900496
109200390,243096.07687008154
2025770310,983259.7867877841
1939120450,678910.8218003156
7524900003,3015276.1249980624
3755000120,343111.74
2473002850,534155.953131417
7625703945,415549.5669362377
9477000190,420050.9893097098
1727500230,423775.38320381177
7011201087,491894.45
5561300750,479463.20292211714
3969300030,209529.6675823465
8097000330,329932.9341211893
2025049064,758030.9987678963
985001321,265035.47810167365
1775500050,408498.6234054534
8849300160,369075.374546944
2316400285,526722.6717281365
2423020180,539455.29
7128300500,560221.524753701
9512501400,475034.99
7200179,173989.25
5490210670,534789.28249559
9527000330,655393.7311490142
1972200326,526637.360533031
4151800195,580194.3353436098
4046500320,353672.74
9834200885,397738.5
8161020050,560605.8420128484
2891000750,212283.63486401626
3426049031,1176347.4856750132
7387500195,313407.5423269849
6303400395,185660.64254210997
638100015,345637.8793791561
4107100204,1861344.17577325
537000255,216410.80954120198
985001266,304058.30459523824
1137410040,502688.55496293405
7229900250,281518.76184025756
3905100840,481120.90406744764
8100400160,635635.1137797342
1346300150,3139849.719618575
1443501020,231323.1786863853
5490700035,397347.6084564816
1954600050,410221.15398196393
8122100690,400022.2490586093
3663000070,500895.1907424379
5101406375,509828.07
426059055,523351.5440374422
9268850160,432529.0377509997
8731800840,248649.97641730704
3331001910,289711.24445096916
7603100020,868377.4070211877
809002705,584321.2210735489
4364200075,282545.5793629443
1113000430,175889.91326203622
1176001117,565728.9330011592
3320000212,386217.7325924251
9286000150,1255352.3030310543
301400830,265758.5
425059024,651839.0730431752
8835350300,504886.0
7100000135,286997.6006939437
7696600240,224198.98481665872
9808640320,1251866.3605815521
3764500180,603931.1835921821
326049060,581800.5
4017110200,456302.18450346723
7224500300,237276.58
1560930050,495761.5751605736
726059395,451329.9284822249
8964800890,2034397.3
4045500620,676948.1565889036
8562710250,943963.388288818
1775800710,342992.3
9528102865,758284.0189441141
8096000060,544069.0767731684
1591000015,273345.6436657142
2310000430,274310.0237551697
3902300350,662715.6613201676
4068300280,252279.5131914924
8732130730,253544.13045178377
6791100410,514860.43789032655
7660100236,356164.4757893463
2568200070,881756.5826543092
7697870310,258502.11960476113
8562901100,678956.3443167246
4016800120,291748.93391827645
7338200180,580093.75
6791400320,257200.00555678745
616000200,420404.39671928907
2917200675,420717.52452049986
2926049086,614578.8761812367
3621059048,424793.23333543533
7987401095,785044.8954122838
5589900590,398353.9743034815
855700170,525942.3950610532
4030500130,319240.847805046
1755700060,366597.44
2413900050,647969.6754427663
2489200250,482586.610629924
420000085,259010.849088876
8106300820,487762.1122749028
8651730580,451841.8474561458
8106300090,450612.58247614844
9842300095,432471.48335660365
9477000280,416860.6961545179
2877102495,428912.85273509653
868001030,1053145.7573481991
8564860110,535684.5178668358
6762700452,551355.114849867
3294700310,204215.66813478983
7231501665,228144.1867347496
7525900050,595019.9661276441
7882600326,1665167.4648664538
104550690,303474.1298743698
3425059076,911763.0920525846
8835770170,2322728.9454143085
2581300010,1212655.9395395787
844000180,255998.16067318004
7888100240,249436.35372075855
3845100670,466491.5244001227
4027700812,492738.60964371805
291310390,369011.6164525689
9550200370,630701.3835482458
2328800130,281874.0428401301
2372800100,235165.99544558904
2923039264,510058.93344914855
9282801720,287466.0454654407
9520900230,583585.9059308029
985000955,252237.5085444307
1099600090,226127.38864060247
9211010320,539704.179439584
3825310820,796510.98
9545240180,603569.9290734985
87000245,177827.92071898349
5041300100,584990.4498956351
3624039150,259504.42750334964
1370804430,562942.098125254
722079056,451265.3884383281
9126100815,506484.0
1770000490,336700.2414705786
3995700250,361286.74709054944
7214820400,431080.19
2473411130,320577.0
1824059079,897990.4668166639
3080000030,555399.2766218489
984200540,306900.6238920753
524059063,1890597.704462077
9482700475,760985.4
8024200820,520408.7889036768
8568700015,383293.6435526073
1223089050,396271.7392469725
2205500400,449812.5949480488
1279300085,731135.1458142598
7376300085,480810.95202336594
322069020,480834.0718917155
291310150,375676.217071519
724069059,1579501.261190127
5255200220,454091.23028750165
1931300850,498452.41709972656
4427100105,363326.22
2881700231,364718.6856880769
8641500280,317508.3640316728
5406500440,681671.3247954362
8078390150,707205.0956430712
8945300090,213382.15834075442
8819901030,823663.7853549776
3179100220,735283.1102985692
2126079046,398943.1227303475
2621750350,311930.1488799263
4014400190,468434.9313439272
7853420110,598230.5795186044
2114700368,307518.3976775531
3438501081,271363.21901736665
6850700670,885170.7940132809
3352402272,255001.0340482224
4157600150,665636.2414539082
8151600941,330840.44880444335
5160300030,556087.6791737006
3820350120,317929.52807765215
7338000800,182190.93491620052
3359500110,818609.9839321146
8016300240,647062.7652169047
7203120050,802130.7
3322049201,268595.6203714981
7231502505,197997.09674949717
8106100105,3000488.2272504526
3895100039,817667.45
1001200035,229771.76956302123
2724201202,234088.41703188344
4038100110,526143.0857249184
8827900015,575310.2447991449
2644900109,421546.8749677775
302000375,228923.2626237027
1604600095,417326.7911405528
2600040160,681556.0
2129700525,337437.9344661696
603000555,392697.07465002534
4083302225,988567.8291018457
7298000090,458063.81966924394
2484700015,600610.1715439608
8945100320,217299.28
5112800042,450613.8502711577
8091411100,285772.35
7375100070,488477.2488773167
7577700061,550170.7154122838
7923700030,460992.6681300947
4235400186,436010.6798508912
1498303700,813487.5322940483
3876312350,429698.5863373482
3797001815,470088.31781267864
868002015,1233471.7462705565
597000550,465258.0381372617
8956200530,435722.6608477695
2207100165,460254.501296045
7942100180,230148.73962784986
2468800040,346164.795646365
9842300036,361872.1894685197
5700003985,1995502.9729022742
2988000070,398458.3930903803
8857320260,510546.88
2600040130,536671.0465391716
6632900452,622390.6544287102
7518505910,537820.1824159195
1672000170,625129.5542075653
2597800010,560210.1339274228
8562790720,719033.0318683848
4219401080,1609786.4787498731
7000100711,889030.3534590465
7954000125,574791.6379162825
5700003640,2179504.837413646
5700000275,741299.3285332326
4019301205,485955.05500928184
8943600360,272665.0942268276
2954400400,1289258.1
1321400060,284715.14
2255500123,647330.0471753913
2781260070,425009.7312174686
1313000220,671944.7386505646
1125069153,1495056.024800648
8899000310,253307.12670070815
4139450360,895430.7414539083
5511600315,553673.0546354102
3575302575,555661.137268319
3226049054,525380.4538270074
274100090,361095.3868140538
1545802080,244122.5
6669020500,311393.64
3307700405,499214.4999390609
3760500407,1569275.7850402165
7853270100,702433.65
9320350020,514455.3
7715800430,500383.1491577199
6791400100,385696.75048348797
7708000010,407971.52885354037
1448800010,268590.72735110926
1782500035,342846.8856327289
3449500050,570345.9661968828
2856100515,794047.129501965
1245000461,1134834.5046898513
1219000043,332918.4955222429
5409800110,22305535.73914262
2680700010,714008.6910628449
8143100350,357507.4898691243
2597150270,271818.35526651295
2966800010,359588.4706789537
8854000010,635913.0507452046
2207200635,400309.5802743175
1722059222,285731.63695477886
9358002305,305645.29118365154
6392001950,488288.65
3630080070,421057.912303848
3797001702,1039489.04
8127700440,676476.1160260248
1446400785,212230.4734326492
5016002275,1089370.9538362003
2818100060,1255075.2
6431000748,368152.6651883301
7972600450,330056.1272950593
8078570380,318023.975107202
7889601320,207136.8640071438
1762600280,953802.83626043
3026059085,1244305.2524252676
3475000080,717934.7762788188
1370802620,634695.3253452382
5151600285,282487.88789160823
2722049218,335696.9384986794
7696300080,423034.56332586834
4168100020,222998.29117043674
1474000050,412255.85440422245
2473480350,333471.7589788821
1139600270,295018.88
6699940120,352982.5
7016100120,419468.79585875315
6752510010,812680.845367952
7915100490,607817.2221636259
984210170,316564.02047111944
6159400030,415166.6233376081
3013300968,386300.79335325764
6404600006,235931.06521693195
2770602170,417261.949786719
1922059401,226766.73047492784
291300010,381409.7748357706
3856905185,531018.1146191405
7304300905,314712.77025982115
3416600185,595467.0516633096
1786810040,741491.1084239628
4354700010,398303.5
3902100175,901445.4237010505
4305600360,451517.30669127963
3622069114,669622.2978565492
4376700570,659685.4689343855
6795100589,593870.1907419856
3344500085,435316.6603165765
2206500105,389255.0193289188
8731900880,345425.65
1682000160,204033.93503389254
5104200380,268194.95
1982201595,571843.5469647929
795002190,231401.96171208806
7228500375,586109.04
9412200280,434991.9252203671
5071401000,1203664.5
597000566,330011.99964209186
8151600101,174687.7663766861
2028700265,542027.4539484555
1670400090,214699.50522352225
7851980100,1203105.7966840595
5595900345,425973.4068322208
4046700300,347689.73110764544
4324210120,281687.66306769924
2616800050,534821.7813715785
1525079069,674915.8163239154
9828201020,542765.2540595735
2723069146,665095.6083892345
9468200100,605328.7672351594
2883200961,655808.9123725478
1137300690,634626.85
2473100280,332134.79
723049448,231162.50429541257
3066410810,678378.1087568912
5700003280,1178338.485453715
9268200440,425133.6896735296
4053200410,347949.0158914022
1234000704,1349025.5
2473372170,446545.7680995429
2523039239,236578.65
4324500490,215805.90633397733
238000244,456686.48363234056
1105000571,411526.03621632955
1771000430,326716.9
666000142,736729.3
3389900800,429269.01798796654
3578700017,595256.76
3629970190,768466.1462875986
255450250,325237.6595096203
1154100205,306487.49977608933
3629890190,1013020.0556788045
3905080870,522683.4463949859
8155820110,293802.2812134481
5135000170,821472.1656159315
2464400435,616049.9869329566
9482700080,630813.3691902076
318900080,455756.84905947524
9477001410,421578.36047327094
825079019,675338.3128336613
1471701200,491270.87582045374
5606000120,852378.5251022109
7853350220,575293.4758879769
1776460110,476877.01
3904920980,689830.2938227467
8087800430,600256.4332113143
3298200320,387327.75
9122500080,297452.5929793123
7893804845,335629.10270496947
1370803730,674360.2667086646
8001450170,275757.8688981143
5561400260,650168.9469766408
7308600010,757754.27
3524039060,372501.9197687627
7300400150,343234.603037253
207700050,634560.7818768823
5595900355,230604.52502552443
2652500285,842898.3223225103
6744701310,1665733.0
525069127,1354547.2782536012
3334000050,365918.80678679724
8682220390,726614.2494363498
4038700380,572756.0779684022
8073000265,401359.2328585732
9521100960,833170.601422863
5634500688,735650.5
6813600440,478601.57523140835
1072010350,506769.27
7853301700,658880.1
5141000571,324170.4967839383
2013802060,535534.8815429154
7852070210,1250946.617794056
1402970070,303671.98069424345
2310040020,362456.677952452
646910560,245849.84189068634
6647400090,421244.8514495923
8682231110,552676.75
4376700330,576434.8299550536
8069000075,770646.0
7147600220,225298.34547513694
4142450330,278663.5
5101404698,477430.2413172596
6154500070,933672.03
1592000640,611767.44
3756900027,708259.2344287102
7203220130,942163.57
643300010,497347.26874558086
8651720150,489318.0458619739
4139400910,740542.0111546329
5054800110,342666.49
8835200330,402820.7121063818
7682200340,272846.62
7203600745,342373.2316159808
1895000260,231253.19363726827
7922750020,567843.57
5437200050,451332.073011827
8732160250,258435.15424003504
1442870440,500351.37905997527
1471700410,423673.177965033
3204800330,390907.8843436043
1923000160,1183120.8505562989
2719100013,445758.45863816666
3814900380,349620.2739668385
326049038,414403.6028732659
1068000110,1091137.1205084033
8835800010,1263179.5165338237
1560920200,449804.4
1668500090,706713.063755143
2597530070,829374.418363409
1139000035,565101.9334300896
8032700072,503550.900890116
7732300390,733976.626226002
5130000080,458369.09621913923
9276200890,553597.6888989714
342000036,565086.5426493397
5126300060,499640.7894612377
2331300505,773873.2265914113
8651410090,187938.37436174732
200800330,417949.3574923431
7520000616,339448.37922001735
7170200110,449928.04259375035
3021059155,216406.2567812198
3582900280,1258931.5
7340600845,219435.31143180418
3905040060,516992.4116453791
3224800120,300808.03
6021503740,484966.83388874226
2570300130,450337.0
8121100395,558914.9832671412
3356404198,277257.5569654106
3630090050,715754.6692188317
923000413,486958.6593097098
9201300020,1494439.506569861
1777600210,610086.1171991893
7738500731,3507208.837475692
686900010,1092893.9
7967000160,347943.16417508526
3413700130,619736.314606411
7852190290,561774.5
1180007375,599992.2127820298
3353404510,325230.90398827137
7802900380,339419.88728030433
8021700715,644563.9701793637
3205100080,496046.6035304723
4477000290,494693.74769160914
1118001645,1466809.893023374
7979900806,327097.9918139409
7228500415,673657.7279212018
7212660640,330454.335582582
3826000735,201841.33
7714000250,451490.5011934888
4400200057,646985.4302243444
2487200279,716971.3583123079
7140700690,295167.08667909226
3304300080,562138.304090708
2887950110,255831.2589279411
3760500222,752470.572570381
9269200786,403353.0
3734900110,240719.45695418637
5045700400,542528.0627066502
2140950130,439704.286523263
2612000200,358002.4571203132
8563300085,410297.053573982
2425059173,679040.7298560482
8091410930,278499.5550807237
9422400035,619135.8278575059
1112000100,808385.1937783569
1323089056,402290.4653901625
5015000596,1044473.9624922122
1535204165,514452.7368218128
1438000430,463650.91983041255
3222059130,517690.321812221
1982200330,633359.0818243099
6624010010,236699.92506872307
2303900035,4074732.013714869
259600620,523722.63789282844
6072500490,513556.0640608338
123039633,375603.6341857568
8562780090,325602.94499999995
5249802240,609143.5022819341
6071200400,557405.1313486082
826069002,364080.1
2625079030,764639.5925475579
6742700210,1388701.2817446566
9253900408,1909151.8186974686
2560803085,216434.58366103537
1237500540,300692.5
425069020,1220268.0901780147
9185700440,2323303.918706823
8656300345,352130.9845696536
4245400045,258624.75771899163
9834201370,398704.5115966967
7853300770,416811.5559345997
9551201295,518964.71862615243
898000220,238095.449179851
3834000720,348992.4549816057
1245500690,750807.4637712582
4083304190,627305.6945136756
4178300080,771528.11
2960900045,602723.4667555895
1446801030,251951.92968536238
7855800910,780046.0023973854
7853310150,641207.71
8732131090,292107.28424003505
7967600285,456015.923994328
8651520510,538466.543875936
5379802650,241036.52788735298
1425059174,492589.83824517037
627300105,958133.8740813434
3124089049,505620.6831922145
1778350270,730880.3766810619
8691500410,410911.390831327
9169600043,649590.6396417021
100300500,334290.05870540167
3221069054,805455.2077030108
4443800385,670404.3
7922710450,722961.5186505646
7880020030,635210.3511280942
3288020050,346565.7907177588
4136980090,896582.7322413407
1687000240,275750.0
7812801785,233181.27343264918
1126059144,587399.0738126165
792500260,377170.4646121429
3222049055,707194.9437813092
8635750090,668218.4268102351
2767601280,998616.8022866116
5347200162,266083.8732112246
7503800210,273765.3178916082
3394100020,1185549.5311569003
7663700783,410699.64477393747
9454200030,400280.6983327562
3791500050,348984.3905254403
582000185,612964.6921530748
3211230260,440094.60360339726
323059103,359660.36571462976
7297700055,346141.0881655825
1545805460,245032.12554270442
2341800195,327509.9784962822
6648700150,288586.0837122552
3860900035,1726694.8275078265
1980200236,569029.649268345
1180002745,345647.75
3275890310,641845.0152006856
6840701100,568480.8207989979
8651402750,147173.25
1588600045,425807.08900957654
2422029094,357047.6982229208
1702901500,351910.77611120284
3755100005,462430.79967640655
3624039074,303148.144915974
7950302995,431068.0943656852
5273200060,589440.2557058812
8025700460,269414.82
280610020,866956.8576055354
3333002450,347377.19187193527
7379600240,507465.2781926902
4058802300,340479.29
302000065,184394.43237102713
9527000180,604450.6571451402
3626039403,387204.4569956735
9510900360,243277.62780461603
2310040230,364509.9302585439
7308900490,630075.2268601793
2206900065,476554.4599753965
324059161,991346.80717658
7345310100,249446.84545807878
2422049107,350294.1333935396
8146100095,781677.3875264557
87000283,361901.9755876306
7937600010,295684.3825159844
2618300350,229949.38
224069102,504352.24049583136
7129302095,240820.33972989733
7352200025,918189.1252803924
6163900333,335212.9822379788
3528960020,720448.5955547213
1687000220,288325.3539934069
4141400030,582727.329598756
1822500160,344609.0165642061
